,index,brand,ultra_hd,full_hd,Price,Rating,inches,display_type,resolution_width,resolution_height,wifi,fast_charging,ram,rom,hdmi_port,Spec_Score,Company,usb_port
0,1,tcl,1,0,42999,4.65,55.0,qled,3840.0,2160.0,1,20.0,2.0,16.0,1,58.0,flipkart,2.0
1,2,lg,1,0,41999,4.55,55.0,led,3840.0,2160.0,1,20.0,2.0,19.2,1,55.0,flipkart,1.0
2,3,xiaomi,1,0,36999,4.35,55.0,qled,3840.0,2160.0,1,34.0,2.0,32.0,1,55.0,amazon,2.0
3,4,lg,1,0,30999,4.4,43.0,led,3840.0,2160.0,1,20.0,2.0,19.2,1,52.0,flipkart,1.0
4,5,philips,1,0,74999,4.05,75.0,qled,3840.0,2160.0,1,30.0,2.0,32.0,1,67.0,amazon,2.0
5,6,hisense,1,0,49999,4.2,55.0,miniled,3840.0,2160.0,1,20.0,2.4,28.8,1,69.0,flipkart,2.0
6,7,sony,1,0,80990,4.5,65.0,led,3840.0,2160.0,1,20.0,2.2,16.0,1,62.0,amazon,2.0
7,8,croma,0,0,4494,4.45,32.0,led,1920.0,768.0,1,20.0,2.6,16.0,1,31.0,croma,2.0
8,9,realme,1,0,22499,4.2,55.0,qled,3840.0,2160.0,1,40.0,2.0,16.0,1,55.0,flipkart,2.0
9,10,xiaomi,1,0,44999,4.65,55.0,miniled,3840.0,2160.0,1,20.0,2.0,32.0,1,61.0,amazon,2.0
10,11,samsung,1,0,34490,4.55,43.0,miniled,3840.0,2160.0,1,30.0,2.2,25.6,1,58.0,flipkart,1.0
11,12,xiaomi,0,0,8999,4.5,32.0,led,1920.0,768.0,1,20.0,5.0,16.0,1,38.0,croma,2.0
12,13,tcl,1,0,89990,4.4,55.0,miniled,3840.0,2160.0,1,22.0,2.6,22.4,1,74.0,croma,1.6
13,14,samsung,1,0,45990,4.7,55.0,miniled,3840.0,2160.0,1,30.0,2.4,28.8,1,61.0,flipkart,1.0
14,15,xiaomi,1,0,29999,4.3,43.0,qled,3840.0,2160.0,1,30.0,2.0,32.0,1,60.0,amazon,2.0
15,16,realme,1,0,19299,4.25,43.0,qled,3840.0,2160.0,1,30.0,2.0,16.0,1,52.0,flipkart,2.0
16,17,tcl,1,0,109999,4.45,65.0,miniled,3840.0,2160.0,1,20.0,3.0,64.0,1,80.0,flipkart,1.0
17,18,hisense,1,0,23599,4.2,43.0,qled,3840.0,2160.0,1,20.0,2.6,16.0,1,63.0,croma,2.0
18,19,tcl,0,1,10999,4.65,32.0,led,1920.0,1080.0,1,24.0,5.0,16.0,1,37.0,flipkart,1.0
19,20,samsung,1,0,26999,4.3,43.0,led,3840.0,2160.0,1,20.0,2.0,19.2,1,51.0,flipkart,1.0
20,21,lumio,1,0,51999,4.7,55.0,miniled,3840.0,2160.0,1,24.0,3.0,64.0,1,71.0,amazon,3.0
21,22,motorola,1,0,24999,4.05,43.0,qled,3840.0,2160.0,1,48.0,2.0,32.0,1,56.0,flipkart,2.0
22,23,compaq,1,0,11999,4.05,43.0,led,3840.0,2160.0,1,24.0,3.8,19.2,1,39.0,flipkart,2.0
23,24,sony,1,0,261240,4.3,65.0,lcd,3840.0,2160.0,1,20.0,3.0,32.0,1,77.0,amazon,2.0
24,25,tcl,1,0,50990,4.2,55.0,qled,3840.0,2160.0,1,35.0,3.0,32.0,1,71.0,amazon,1.0
25,26,xiaomi,1,0,32999,4.45,43.0,miniled,3840.0,2160.0,1,20.0,2.0,32.0,1,58.0,amazon,2.0
26,27,hisense,1,0,31299,4.65,55.0,qled,3840.0,2160.0,1,20.0,2.2,19.2,1,66.0,croma,2.0
27,28,lumio,1,0,29999,4.0,43.0,qled,3840.0,2160.0,1,24.0,3.0,64.0,1,60.0,amazon,3.0
28,29,croma,0,0,12990,4.35,32.0,qled,1920.0,768.0,1,20.0,1.0,16.0,1,40.0,croma,2.0
29,30,motorola,0,0,11699,4.55,32.0,qled,1920.0,768.0,1,40.0,1.0,16.0,1,38.0,flipkart,2.0
30,31,hisense,1,0,29999,4.75,50.0,qled,3840.0,2160.0,1,30.0,2.2,28.8,1,63.0,flipkart,2.0
31,32,tcl,1,0,45999,4.0,55.0,miniled,3840.0,2160.0,1,20.0,2.0,16.0,1,63.0,flipkart,1.0
32,33,lumio,1,0,39999,4.55,55.0,qled,3840.0,2160.0,1,30.0,3.0,64.0,1,63.0,amazon,3.0
33,34,tcl,1,0,32490,4.05,43.0,qled,3840.0,2160.0,1,24.0,2.0,16.0,1,58.0,flipkart,1.0
34,35,lg,1,0,45690,4.25,43.0,miniled,3840.0,2160.0,1,20.0,2.0,22.4,1,58.0,croma,1.0
35,36,samsung,1,0,37490,4.3,50.0,led,3840.0,2160.0,1,30.0,2.0,19.2,1,55.0,amazon,1.0
36,37,realme,0,0,11199,4.65,32.0,qled,1920.0,768.0,1,20.0,1.0,16.0,1,43.0,flipkart,2.0
37,38,vw,0,1,14999,4.55,43.0,qled,1920.0,1080.0,1,24.0,3.4,19.2,1,41.0,amazon,1.0
38,39,hisense,1,0,57999,4.2,55.0,miniled,3840.0,2160.0,1,20.0,2.4,28.8,1,69.0,flipkart,2.0
39,40,hisense,1,0,76990,4.25,65.0,miniled,3840.0,2160.0,1,20.0,2.6,32.0,1,73.0,flipkart,2.0
40,41,tcl,1,0,65990,4.45,65.0,qled,3840.0,2160.0,1,35.0,3.0,32.0,1,74.0,amazon,1.0
41,42,samsung,1,0,44690,4.65,43.0,miniled,3840.0,2160.0,1,30.0,2.0,25.6,1,57.0,croma,1.0
42,43,lg,1,0,32999,4.45,43.0,led,3840.0,2160.0,1,20.0,2.0,19.2,1,50.0,amazon,1.0
43,44,lg,1,0,36299,4.55,43.0,led,3840.0,2160.0,1,20.0,2.0,22.4,1,54.0,croma,1.0
44,45,tcl,1,0,92990,4.4,75.0,qled,3840.0,2160.0,1,20.0,3.0,32.0,1,77.0,croma,1.0
45,46,tcl,1,0,52990,4.45,55.0,qled,3840.0,2160.0,1,20.0,3.0,32.0,1,68.0,amazon,1.0
46,47,tcl,1,0,42990,4.7,55.0,qled,3840.0,2160.0,1,20.0,3.0,32.0,1,64.0,amazon,1.0
47,48,xiaomi,1,0,26999,4.1,43.0,qled,3840.0,2160.0,1,30.0,2.0,32.0,1,54.0,amazon,2.0
48,49,xiaomi,0,0,14999,4.55,32.0,qled,1920.0,768.0,1,20.0,1.0,16.0,1,40.0,flipkart,2.0
49,50,acer,1,0,24999,4.25,50.0,qled,3840.0,2160.0,1,36.0,2.0,19.2,1,57.0,flipkart,2.0
50,51,tcl,0,1,15990,4.75,32.0,qled,1920.0,1080.0,1,16.0,1.8,19.2,1,41.0,croma,2.0
51,52,lg,1,0,99999,4.75,75.0,led,3840.0,2160.0,1,20.0,5.0,22.4,1,65.0,flipkart,1.0
52,53,blaupunkt,0,0,11499,4.75,32.0,qled,1920.0,768.0,1,48.0,1.0,16.0,1,37.0,flipkart,2.0
53,54,blaupunkt,0,1,15999,4.65,40.0,qled,1920.0,1080.0,1,48.0,1.0,19.2,1,40.0,flipkart,2.0
54,55,lg,1,0,58499,4.15,55.0,miniled,3840.0,2160.0,1,20.0,2.2,25.6,1,59.0,flipkart,1.0
55,56,sony,1,0,124490,4.6,65.0,led,3840.0,2160.0,1,20.0,3.0,32.0,1,72.0,croma,2.0
56,57,vw,0,0,10999,4.5,40.0,qled,1920.0,768.0,0,24.0,2.6,16.0,1,26.0,amazon,2.0
57,58,sony,1,0,210890,4.35,55.0,lcd,3840.0,2160.0,1,40.0,2.8,32.0,1,76.0,amazon,2.0
58,59,vw,0,0,7999,4.45,32.0,qled,1920.0,768.0,0,24.0,2.6,16.0,1,26.0,amazon,2.0
59,60,tcl,1,0,72990,4.05,75.0,led,3840.0,2160.0,1,30.0,2.4,25.6,1,62.0,flipkart,2.0
60,61,tcl,1,0,249999,4.5,98.0,qled,3840.0,2160.0,1,20.0,3.0,32.0,1,84.0,flipkart,1.0
61,62,hisense,1,0,99990,4.15,75.0,miniled,3840.0,2160.0,1,20.0,2.8,38.4,1,77.0,flipkart,2.0
62,63,tcl,1,0,86990,4.45,75.0,qled,3840.0,2160.0,1,35.0,3.0,32.0,1,78.0,amazon,1.0
63,64,tcl,1,0,149999,4.35,85.0,qled,3840.0,2160.0,1,20.0,3.0,32.0,1,81.0,flipkart,1.0
64,65,samsung,1,0,659990,4.35,85.0,micro,3840.0,2160.0,1,70.0,3.0,38.4,1,91.0,flipkart,2.0
65,66,vw,0,0,5499,4.65,24.0,led,1920.0,768.0,1,20.0,1.8,16.0,1,30.0,flipkart,2.0
66,67,samsung,1,0,82999,4.2,55.0,oled,3840.0,2160.0,1,20.0,3.0,32.0,1,72.0,amazon,2.0
67,68,acerpure,1,0,39999,4.2,65.0,qled,3840.0,2160.0,1,50.0,2.0,16.0,1,65.0,flipkart,2.0
68,69,samsung,1,0,43990,4.75,55.0,qled,3840.0,2160.0,1,20.0,2.0,19.2,1,55.0,flipkart,1.0
69,70,xiaomi,1,0,27999,4.1,50.0,led,3840.0,2160.0,1,30.0,2.0,19.2,1,53.0,flipkart,2.0
70,71,philips,1,0,26999,4.1,43.0,qled,3840.0,2160.0,1,30.0,2.0,32.0,1,59.0,amazon,2.0
71,72,vu,1,0,26490,4.4,43.0,qled,3840.0,2160.0,1,88.0,2.0,16.0,1,60.0,amazon,2.0
72,73,lg,1,0,105888,4.75,55.0,oled,3840.0,2160.0,1,40.0,2.8,44.8,1,80.0,flipkart,3.0
73,74,hisense,1,0,34999,4.6,55.0,qled,3840.0,2160.0,1,30.0,2.0,28.8,1,64.0,flipkart,2.0
74,75,tcl,1,0,54990,4.35,55.0,miniled,3840.0,2160.0,1,20.0,2.8,19.2,1,66.0,croma,1.4
75,76,tcl,1,0,31999,4.45,43.0,qled,3840.0,2160.0,1,20.0,2.0,16.0,1,58.0,flipkart,1.0
76,77,tcl,1,0,69990,4.2,65.0,miniled,3840.0,2160.0,1,20.0,3.0,32.0,1,72.0,amazon,1.0
77,78,realme,1,0,25999,4.5,55.0,qled,3840.0,2160.0,1,40.0,2.0,32.0,1,56.0,flipkart,2.0
78,79,tcl,1,0,30990,4.15,43.0,qled,3840.0,2160.0,1,30.0,2.0,16.0,1,55.0,flipkart,2.0
79,80,xiaomi,1,0,41990,4.2,55.0,qled,3840.0,2160.0,1,34.0,2.0,32.0,1,63.0,amazon,2.0
80,81,tcl,0,1,15490,4.15,32.0,qled,1920.0,1080.0,1,24.0,1.0,19.2,1,40.0,amazon,1.0
81,82,lg,0,0,14690,4.65,32.0,led,1920.0,768.0,1,20.0,1.0,16.0,1,37.0,flipkart,2.0
82,83,foxsky,1,0,13999,4.15,43.0,qled,1920.0,1080.0,1,30.0,2.8,19.2,1,47.0,flipkart,2.0
83,84,xiaomi,0,0,10999,4.7,32.0,led,1920.0,768.0,1,20.0,5.0,16.0,1,38.0,flipkart,2.0
84,85,tcl,1,0,47990,4.35,55.0,qled,3840.0,2160.0,1,20.0,2.0,16.0,1,60.0,croma,2.0
85,86,tcl,1,0,64990,4.3,65.0,qled,3840.0,2160.0,1,20.0,2.2,16.0,1,63.0,croma,2.0
86,87,samsung,1,0,162990,4.25,65.0,micro,3840.0,2160.0,1,30.0,2.8,35.2,1,77.0,flipkart,2.0
87,88,blaupunkt,0,1,17499,4.7,43.0,qled,1920.0,1080.0,1,48.0,1.0,19.2,1,38.0,flipkart,2.0
88,89,sony,1,0,94990,4.6,55.0,led,3840.0,2160.0,1,20.0,2.4,19.2,1,68.0,amazon,2.0
89,90,motorola,1,0,30999,4.5,50.0,qled,3840.0,2160.0,1,50.0,2.0,32.0,1,57.0,flipkart,2.0
90,91,motorola,1,0,66999,4.15,75.0,miniled,3840.0,2160.0,1,20.0,2.0,64.0,1,70.0,flipkart,3.0
91,92,samsung,1,0,79999,4.3,65.0,miniled,3840.0,2160.0,1,30.0,2.0,22.4,1,67.0,flipkart,1.0
92,93,samsung,1,0,70690,4.6,55.0,miniled,3840.0,2160.0,1,20.0,2.8,22.4,1,66.0,croma,1.0
93,94,lg,1,0,238990,4.0,65.0,oled,3840.0,2160.0,1,40.0,3.2,44.8,1,83.0,croma,3.0
94,95,samsung,1,0,31490,4.35,32.0,led,3840.0,2160.0,1,30.0,2.0,22.4,1,53.0,amazon,1.0
95,96,vw,0,1,13499,4.2,40.0,qled,1920.0,1080.0,1,24.0,2.6,19.2,1,40.0,amazon,1.0
96,97,lg,1,0,49999,4.4,55.0,led,3840.0,2160.0,1,20.0,2.0,25.6,1,57.0,croma,1.0
97,98,lg,1,0,75590,4.4,55.0,miniled,3840.0,2160.0,1,20.0,3.0,32.0,1,72.0,croma,2.0
98,99,lg,1,0,67599,4.7,55.0,miniled,3840.0,2160.0,1,20.0,2.0,16.0,1,68.0,flipkart,1.0
99,100,xiaomi,1,0,51999,4.4,55.0,miniled,3840.0,2160.0,1,34.0,2.0,32.0,1,64.0,amazon,1.0
100,101,vw,1,0,21999,4.4,43.0,qled,3840.0,2160.0,1,60.0,2.0,32.0,1,51.0,amazon,2.0
101,102,iffalcon,1,0,49999,4.45,55.0,qled,3840.0,2160.0,1,20.0,3.0,19.2,1,63.0,flipkart,2.0
102,103,kenstar,0,0,8499,4.0,32.0,qled,1920.0,768.0,1,20.0,1.0,16.0,1,36.0,flipkart,2.0
103,104,philips,1,0,45999,4.7,55.0,miniled,3840.0,2160.0,1,36.0,2.0,32.0,1,66.0,amazon,2.0
104,105,vw,0,0,7999,4.35,32.0,led,1920.0,768.0,1,20.0,2.6,16.0,1,31.0,flipkart,2.0
105,106,coocaa,1,0,32999,4.6,55.0,miniled,3840.0,2160.0,1,36.0,2.0,32.0,1,62.0,amazon,2.0
106,107,samsung,1,0,32990,4.1,43.0,qled,3840.0,2160.0,1,20.0,2.0,19.2,1,52.0,flipkart,1.0
107,108,innoq,0,0,5095,4.6,24.0,led,1920.0,768.0,0,30.0,1.8,16.0,1,19.0,flipkart,2.0
108,109,vw,0,1,13099,4.75,40.0,qled,1920.0,1080.0,1,24.0,3.4,19.2,1,40.0,flipkart,2.0
109,110,vw,0,1,14199,4.35,43.0,led,1920.0,1080.0,1,24.0,2.6,19.2,1,37.0,flipkart,2.0
110,111,vw,0,0,8999,4.7,32.0,led,1920.0,768.0,1,24.0,2.6,16.0,1,31.0,amazon,2.0
111,112,vu,1,0,35990,4.2,55.0,qled,3840.0,2160.0,1,88.0,2.0,16.0,1,63.0,amazon,2.0
112,113,xiaomi,0,0,12999,4.6,32.0,led,1920.0,768.0,1,20.0,5.0,16.0,1,36.0,amazon,2.0
113,114,blaupunkt,0,1,13499,4.75,40.0,qled,1920.0,1080.0,1,48.0,1.0,19.2,1,43.0,amazon,2.0
114,115,hisense,1,0,69999,4.45,65.0,miniled,3840.0,2160.0,1,20.0,2.6,32.0,1,73.0,flipkart,2.0
115,116,sony,1,0,45990,4.3,43.0,led,3840.0,2160.0,1,20.0,2.2,19.2,1,53.0,amazon,2.0
116,117,sony,1,0,61990,4.45,55.0,led,3840.0,2160.0,1,20.0,2.0,16.0,1,58.0,amazon,2.0
117,118,tcl,1,0,44999,4.0,55.0,qled,3840.0,2160.0,1,35.0,3.0,32.0,1,62.0,flipkart,1.0
118,119,samsung,0,0,16490,4.05,32.0,led,1920.0,768.0,0,20.0,2.6,16.0,1,34.0,croma,1.0
119,120,samsung,1,0,43990,4.1,55.0,qled,3840.0,2160.0,1,20.0,2.2,25.6,1,59.0,amazon,1.0
120,121,tcl,0,1,24990,4.55,43.0,qled,1920.0,1080.0,1,20.0,2.6,19.2,1,45.0,amazon,2.0
121,122,samsung,1,0,68999,4.25,55.0,miniled,3840.0,2160.0,1,20.0,2.2,19.2,1,66.0,amazon,2.0
122,123,samsung,1,0,28490,4.7,43.0,led,3840.0,2160.0,1,20.0,2.0,19.2,1,53.0,amazon,1.0
123,124,lg,1,0,25990,4.75,43.0,led,3840.0,2160.0,1,20.0,2.0,19.2,1,45.0,croma,2.0
124,125,toshiba,1,0,21999,4.0,43.0,qled,3840.0,2160.0,1,24.0,2.0,16.0,1,56.0,flipkart,2.0
125,126,tcl,1,0,34999,4.55,43.0,qled,3840.0,2160.0,1,30.0,2.0,32.0,1,56.0,flipkart,1.0
126,127,marq,0,1,12999,4.5,43.0,led,1920.0,1080.0,1,24.0,1.8,19.2,1,32.0,flipkart,2.0
127,128,panasonic,1,0,21999,4.35,43.0,led,3840.0,2160.0,1,20.0,2.0,16.0,1,50.0,croma,2.0
128,129,sony,1,0,34999,4.05,43.0,led,3840.0,2160.0,1,20.0,2.0,22.4,1,49.0,croma,1.0
129,130,samsung,0,0,13990,4.4,32.0,led,1920.0,768.0,1,20.0,1.8,16.0,1,31.0,croma,1.0
130,131,kodak,0,1,15999,4.25,40.0,qled,1920.0,1080.0,1,40.0,1.0,19.2,1,42.0,flipkart,2.0
131,132,lg,1,0,44999,4.2,43.0,miniled,3840.0,2160.0,1,20.0,2.0,19.2,1,55.0,flipkart,1.0
132,133,lg,1,0,112990,4.6,65.0,miniled,3840.0,2160.0,1,20.0,3.0,44.8,1,78.0,croma,2.0
133,134,lg,1,0,112890,4.75,48.0,oled,3840.0,2160.0,1,20.0,3.0,57.6,1,79.0,croma,2.0
134,135,lg,1,0,436990,4.35,77.0,oled,3840.0,2160.0,1,40.0,3.2,44.8,1,87.0,croma,3.0
135,136,tcl,1,0,34990,4.35,55.0,led,3664.0,1858.7843530591774,0,28.723232323232324,2.2099322799097068,25.5,0,54.300601202404806,croma,1.8052738336713996
136,137,tcl,1,0,38990,4.15,50.0,qled,3840.0,2160.0,1,20.0,2.0,16.0,1,58.0,croma,2.0
137,138,tcl,1,0,54990,4.25,65.0,led,3840.0,2160.0,1,24.0,1.8,16.0,1,54.0,amazon,2.0
138,139,tcl,1,0,52990,4.2,55.0,qled,3840.0,2160.0,1,20.0,3.0,32.0,1,69.0,croma,1.0
139,140,tcl,1,0,69990,4.55,65.0,qled,3840.0,2160.0,1,20.0,3.0,32.0,1,73.0,croma,1.0
140,141,tcl,1,0,41990,4.4,55.0,qled,3840.0,2160.0,1,24.0,2.0,16.0,1,59.0,amazon,1.0
141,142,tcl,1,0,32990,4.3,43.0,qled,3840.0,2160.0,1,24.0,2.0,16.0,1,56.0,amazon,1.0
142,143,samsung,1,0,62990,4.55,65.0,led,3840.0,2160.0,1,30.0,2.2,28.8,1,63.0,amazon,1.0
143,144,samsung,1,0,62990,4.0,55.0,miniled,3840.0,2160.0,1,20.0,2.2,22.4,1,61.0,croma,1.0
144,145,tcl,1,0,51999,4.65,55.0,qled,3840.0,2160.0,1,35.0,3.0,32.0,1,67.0,flipkart,1.0
145,146,motorola,1,0,109999,4.1,85.0,miniled,3840.0,2160.0,1,20.0,2.0,64.0,1,76.0,flipkart,3.0
146,147,realme,0,1,18199,4.45,40.0,qled,1920.0,1080.0,1,26.0,1.0,19.2,1,44.0,flipkart,2.0
147,148,samsung,1,0,31490,4.3,43.0,led,3840.0,2160.0,1,30.0,2.0,25.6,1,54.0,flipkart,1.0
148,149,toshiba,1,0,39990,4.6,55.0,led,3840.0,2160.0,1,30.0,2.0,19.2,1,53.0,amazon,3.0
149,150,samsung,1,0,44990,4.2,55.0,led,3840.0,2160.0,1,30.0,2.0,32.0,1,59.0,amazon,1.0
150,151,croma,1,0,38990,4.2,55.0,qled,3840.0,2160.0,1,24.0,2.0,32.0,1,58.0,croma,2.0
151,152,lg,1,0,140490,4.65,55.0,oled,3840.0,2160.0,1,20.0,3.0,57.6,1,80.0,croma,2.0
152,153,lg,1,0,68490,4.55,55.0,miniled,3840.0,2160.0,1,20.0,2.4,22.4,1,67.0,croma,1.0
153,154,vw,1,0,25999,4.5,50.0,qled,3840.0,2160.0,1,60.0,2.0,32.0,1,54.0,amazon,2.0
154,155,lg,0,0,18390,4.0,32.0,led,1920.0,768.0,1,10.0,1.8,16.0,1,36.0,croma,1.0
155,156,lg,1,0,44190,4.2,50.0,led,3840.0,2160.0,1,20.0,2.0,19.2,1,55.0,croma,1.0
156,157,samsung,1,0,126990,4.2,55.0,micro,3840.0,2160.0,1,30.0,2.6,25.6,1,75.0,flipkart,2.0
157,158,lg,1,0,45999,4.05,55.0,led,3840.0,2160.0,1,20.0,2.0,19.2,1,55.0,amazon,1.0
158,159,lg,0,0,17690,4.55,32.0,led,1920.0,768.0,1,10.0,1.8,16.0,1,38.0,croma,1.0
159,160,lg,0,0,18999,4.45,32.0,led,1920.0,768.0,1,10.0,1.8,16.0,1,36.0,amazon,1.0
160,161,lg,1,0,96999,4.35,65.0,miniled,3840.0,2160.0,1,20.0,2.0,16.0,1,74.0,amazon,1.0
161,162,motorola,0,0,11699,4.75,32.0,qled,1920.0,768.0,1,40.0,1.0,16.0,1,41.0,flipkart,2.0
162,163,motorola,1,0,32999,4.7,55.0,qled,3840.0,2160.0,1,50.0,2.0,32.0,1,62.0,flipkart,2.0
163,164,xiaomi,1,0,71999,4.7,65.0,miniled,3840.0,2160.0,1,34.0,2.0,32.0,1,67.0,amazon,1.0
164,165,acerpure,1,0,22999,4.7,42.52,qled,3840.0,2160.0,1,40.0,2.0,32.0,1,56.0,flipkart,2.0
165,166,foxsky,0,1,11999,4.5,40.0,qled,1920.0,1080.0,1,30.0,2.6,19.2,1,36.0,flipkart,2.0
166,167,xiaomi,1,0,75975,4.35,75.0,qled,3840.0,2160.0,1,34.0,2.0,32.0,1,68.0,flipkart,2.0
167,168,lg,1,0,84990,4.3,55.0,miniled,3840.0,2160.0,1,20.0,2.4,28.8,1,67.0,flipkart,2.0
168,169,foxsky,1,0,20499,4.1,43.0,miniled,3840.0,2160.0,0,40.0,1.0,22.4,1,45.0,flipkart,2.0
169,170,philips,1,0,57999,4.7,65.0,miniled,3840.0,2160.0,1,36.0,2.0,32.0,1,68.0,amazon,2.0
170,171,vw,1,0,21999,4.65,43.0,qled,3840.0,2160.0,1,48.0,2.0,16.0,1,50.0,flipkart,2.0
171,172,hisense,1,0,27490,4.2,43.0,qled,3840.0,2160.0,1,20.0,2.0,16.0,1,56.0,flipkart,2.0
172,173,hisense,1,0,159999,4.75,75.0,miniled,3840.0,2160.0,1,90.0,2.4,35.2,1,84.0,amazon,2.0
173,174,vw,1,0,23799,4.0,55.0,qled,3840.0,2160.0,1,40.0,2.0,16.0,1,50.0,flipkart,2.0
174,175,thomson,1,0,32999,4.55,55.0,qled,3840.0,2160.0,1,70.0,2.0,32.0,1,60.0,flipkart,2.0
175,176,hisense,1,0,28990,4.2,43.0,qled,3840.0,2160.0,1,48.0,2.0,16.0,1,50.0,amazon,2.0
176,177,acer,1,0,22999,4.3,43.0,led,3840.0,2160.0,1,30.0,2.0,16.0,1,51.0,flipkart,2.0
177,178,acerpure,1,0,53999,4.25,75.0,qled,3840.0,2160.0,1,50.0,2.0,16.0,1,67.0,flipkart,2.0
178,179,blaupunkt,1,0,18499,4.1,43.0,qled,3840.0,2160.0,1,40.0,2.0,22.4,1,43.0,flipkart,2.0
179,180,acerpure,1,0,29999,4.6,55.0,qled,3840.0,2160.0,1,50.0,2.0,16.0,1,60.0,flipkart,2.0
180,181,panasonic,0,0,13999,4.1,32.0,led,1920.0,768.0,1,20.0,5.0,16.0,1,35.0,flipkart,1.0
181,182,tcl,0,1,29990,4.7,50.0,qled,1920.0,1080.0,1,20.0,2.6,19.2,1,47.0,amazon,2.0
182,183,realme,1,0,31499,4.05,55.0,qled,3840.0,2160.0,1,40.0,1.6,22.4,1,48.0,flipkart,2.0
183,184,vu,1,0,28599,4.75,50.0,qled,3840.0,2160.0,1,24.0,2.0,16.0,1,61.0,flipkart,2.0
184,185,xiaomi,0,0,13999,4.5,32.0,led,1920.0,768.0,1,20.0,1.0,16.0,1,33.0,amazon,2.0
185,186,tcl,1,0,79999,4.2,55.0,miniled,3840.0,2160.0,1,20.0,3.0,64.0,1,71.0,flipkart,1.0
186,187,philips,1,0,34999,4.25,50.0,qled,3840.0,2160.0,1,30.0,2.0,32.0,1,60.0,amazon,2.0
187,188,tcl,1,0,229999,4.55,85.0,miniled,3840.0,2160.0,1,60.0,3.0,64.0,1,78.0,flipkart,2.0
188,189,xiaomi,0,0,12999,4.15,32.0,qled,1920.0,768.0,1,20.0,1.0,16.0,1,40.0,flipkart,2.0
189,190,tcl,1,0,68656,4.65,65.0,miniled,3840.0,2160.0,1,20.0,2.8,19.2,1,66.0,flipkart,1.4
190,191,coocaa,0,0,8999,4.6,32.0,qled,1920.0,768.0,1,30.0,3.4,16.0,1,38.0,flipkart,2.0
191,192,lg,1,0,38990,4.55,50.0,led,3840.0,2160.0,1,20.0,2.0,19.2,1,51.0,flipkart,1.0
192,193,tcl,1,0,44999,4.05,55.0,miniled,3840.0,2160.0,1,20.0,2.2,25.6,1,59.0,flipkart,1.0
193,194,hisense,1,0,49999,4.3,65.0,qled,3840.0,2160.0,1,30.0,2.0,25.6,1,67.0,flipkart,2.0
194,195,hisense,1,0,99999,4.3,75.0,miniled,3840.0,2160.0,1,20.0,3.0,44.8,1,78.0,amazon,2.0
195,196,sony,1,0,121990,4.65,75.0,led,3840.0,2160.0,1,20.0,2.6,16.0,1,67.0,amazon,2.0
196,197,hisense,1,0,26999,4.35,43.0,qled,3840.0,2160.0,1,30.0,2.0,28.8,1,59.0,amazon,2.0
197,198,tcl,1,0,27990,4.4,43.0,led,3840.0,2160.0,1,10.0,2.0,16.0,1,48.0,amazon,1.0
198,199,tcl,1,0,63999,4.75,65.0,miniled,3840.0,2160.0,1,40.0,2.0,16.0,1,69.0,flipkart,1.0
199,200,sony,1,0,65990,4.6,55.0,led,3840.0,2160.0,1,20.0,2.0,16.0,1,56.0,amazon,2.0
200,201,motorola,1,0,32999,4.35,55.0,qled,3840.0,2160.0,1,48.0,2.0,32.0,1,57.0,flipkart,2.0
201,202,haier,1,0,66990,4.25,55.0,miniled,3840.0,2160.0,1,50.0,2.0,32.0,1,69.0,croma,2.0
202,203,motorola,1,0,45999,4.05,65.0,qled,3840.0,2160.0,1,48.0,2.0,32.0,1,60.0,flipkart,2.0
203,204,samsung,1,0,28990,4.05,43.0,led,3840.0,2160.0,1,20.0,2.0,19.2,1,52.0,flipkart,1.0
204,205,xiaomi,1,0,23999,4.4,43.0,led,3840.0,2160.0,1,24.0,2.0,32.0,1,48.0,amazon,2.0
205,206,samsung,1,0,198890,4.4,65.0,oled,3840.0,2160.0,1,70.0,3.0,41.6,1,83.0,croma,4.0
206,207,samsung,0,0,15989,4.5,32.0,led,1920.0,768.0,1,20.0,1.8,16.0,1,37.0,flipkart,1.0
207,208,samsung,1,0,102999,4.2,65.0,miniled,3840.0,2160.0,1,20.0,2.8,32.0,1,71.0,flipkart,2.0
208,209,xiaomi,1,0,36999,4.7,55.0,led,3840.0,2160.0,1,34.0,2.0,22.4,1,55.0,amazon,2.0
209,210,samsung,1,0,104999,4.55,55.0,oled,3840.0,2160.0,1,40.0,2.8,38.4,1,78.0,flipkart,2.0
210,211,samsung,1,0,172491,4.6,65.0,miniled,3840.0,2160.0,1,60.0,2.8,35.2,1,77.0,flipkart,2.0
211,212,hisense,1,0,40999,4.55,55.0,qled,3840.0,2160.0,1,20.0,2.4,28.8,1,67.0,amazon,2.0
212,213,tcl,1,0,25900,4.5,43.0,led,3840.0,2160.0,1,20.0,2.0,19.2,1,46.0,flipkart,1.0
213,214,iffalcon,1,0,39999,4.2,65.0,led,3840.0,2160.0,1,20.0,2.0,16.0,1,51.0,flipkart,1.0
214,215,tcl,0,1,20990,4.05,40.0,qled,1920.0,1080.0,1,24.0,1.0,19.2,1,42.0,amazon,1.0
215,216,tcl,1,0,40999,4.7,55.0,qled,3840.0,2160.0,1,20.0,2.0,16.0,1,61.0,flipkart,1.0
216,217,iffalcon,0,1,18999,4.7,40.0,led,1920.0,1080.0,1,24.0,1.0,19.2,1,38.0,flipkart,1.0
217,218,samsung,1,0,52490,4.7,55.0,qled,3840.0,2160.0,1,20.0,2.0,19.2,1,56.0,amazon,1.0
218,219,samsung,1,0,30590,4.2,43.0,led,3840.0,2160.0,1,20.0,2.0,19.2,1,50.0,croma,1.0
219,220,samsung,1,0,39852,4.6,43.0,qled,3840.0,2160.0,1,20.0,2.0,22.4,1,54.0,flipkart,1.0
220,221,lumio,1,0,28999,4.7,43.0,qled,3840.0,2160.0,1,24.0,3.0,16.0,1,57.0,flipkart,3.0
221,222,xiaomi,1,0,55999,4.25,65.0,qled,3840.0,2160.0,1,34.0,2.0,32.0,1,67.0,amazon,2.0
222,223,tcl,0,0,14990,4.0,32.0,qled,1920.0,768.0,1,16.0,1.0,16.0,1,39.0,amazon,2.0
223,224,thomson,0,0,6799,4.3,24.0,led,1920.0,768.0,1,24.0,2.6,16.0,1,31.0,flipkart,2.0
224,225,lg,0,0,15990,4.1,32.0,led,1920.0,768.0,1,20.0,1.0,16.0,1,35.0,croma,1.0
225,226,thomson,1,0,18999,4.1,43.0,qled,3840.0,2160.0,1,40.0,2.0,22.4,1,46.0,flipkart,2.0
226,227,foxsky,1,0,27999,4.45,55.0,qled,3840.0,2160.0,1,30.0,2.0,16.0,1,62.0,amazon,2.0
227,228,vu,1,0,49990,4.15,55.0,qled,3840.0,2160.0,1,24.0,3.0,16.0,1,69.0,amazon,2.0
228,229,foxsky,0,0,8999,4.1,32.0,qled,1920.0,768.0,1,30.0,3.4,16.0,1,39.0,flipkart,2.0
229,230,infinix,1,0,19999,4.25,43.0,qled,3840.0,2160.0,1,40.0,2.0,16.0,1,49.0,flipkart,2.0
230,231,acer,1,0,26999,4.75,43.0,qled,3840.0,2160.0,1,60.0,2.0,16.0,1,57.0,amazon,2.0
231,232,realme,1,0,35999,4.15,65.0,led,3840.0,2160.0,1,44.0,2.0,16.0,1,50.0,flipkart,2.0
232,233,realme,1,0,28999,4.25,50.0,qled,3840.0,2160.0,1,30.0,2.0,16.0,1,54.0,flipkart,2.0
233,234,realme,1,0,18299,4.15,43.0,led,3840.0,2160.0,1,30.0,2.0,16.0,1,45.0,flipkart,2.0
234,235,sony,1,0,77990,4.6,55.0,led,3840.0,2160.0,1,20.0,2.2,16.0,1,63.0,amazon,2.0
235,236,haier,1,0,50400,4.55,65.0,qled,3840.0,2160.0,1,24.0,2.0,32.0,1,66.0,flipkart,2.0
236,237,sony,1,0,149990,4.6,55.0,miniled,3840.0,2160.0,1,40.0,2.8,32.0,1,80.0,flipkart,2.0
237,238,haier,1,0,33990,4.35,43.0,qled,3840.0,2160.0,1,24.0,2.0,32.0,1,61.0,flipkart,2.0
238,239,motorola,1,0,28999,4.55,50.0,miniled,3840.0,2160.0,1,20.0,2.0,16.0,1,55.0,flipkart,2.0
239,240,samsung,1,0,25999,4.3,43.0,led,3840.0,2160.0,1,20.0,2.0,22.4,1,49.0,flipkart,1.0
240,241,lg,1,0,94990,4.1,55.0,oled,3840.0,2160.0,1,40.0,2.4,25.6,1,72.0,flipkart,3.0
241,242,hisense,1,0,21199,4.7,43.0,qled,3840.0,2160.0,1,24.0,1.0,16.0,1,55.0,flipkart,2.0
242,243,panasonic,1,0,26299,4.55,43.0,led,3840.0,2160.0,1,20.0,2.0,16.0,1,51.0,croma,2.0
243,244,foxsky,0,1,8299,4.4,32.0,led,1920.0,1080.0,1,30.0,2.6,19.2,1,31.0,flipkart,2.0
244,245,marq,0,1,8999,4.6,32.0,led,1920.0,1080.0,1,24.0,1.8,19.2,1,31.0,flipkart,2.0
245,246,lg,1,0,25999,4.55,43.0,led,3840.0,2160.0,1,20.0,2.0,28.8,1,49.0,flipkart,2.0
246,247,xiaomi,1,0,29999,4.4,50.0,led,3840.0,2160.0,1,40.0,2.0,16.0,1,54.0,croma,2.0
247,248,xiaomi,1,0,24999,4.15,43.0,led,3840.0,2160.0,1,30.0,2.0,16.0,1,53.0,croma,2.0
248,249,blaupunkt,1,0,17999,4.15,49.0,led,3840.0,2160.0,1,40.0,1.0,22.4,1,42.0,flipkart,2.0
249,250,samsung,1,0,93990,4.45,55.0,qled,3840.0,2160.0,1,20.0,2.8,32.0,1,71.0,croma,2.0
250,251,ifflacon,1,0,44999,4.45,65.0,led,3840.0,2160.0,1,24.0,2.0,19.2,1,52.0,flipkart,1.0
251,252,akai,0,1,21490,4.05,43.0,led,1920.0,1080.0,0,25.0,5.0,19.2,1,38.0,flipkart,1.0
252,253,ifflacon,1,0,26999,4.25,43.0,led,3840.0,2160.0,1,24.0,2.0,22.4,1,48.0,flipkart,1.0
253,254,kodak,0,1,17999,4.05,43.0,qled,1920.0,1080.0,1,40.0,1.0,19.2,1,42.0,flipkart,2.0
254,255,kodak,0,0,11999,4.35,32.0,qled,1920.0,768.0,1,40.0,1.0,16.0,1,38.0,flipkart,2.0
255,256,lg,1,0,139999,4.1,75.0,miniled,3840.0,2160.0,1,20.0,3.0,44.8,1,78.0,flipkart,1.0
256,257,lg,1,0,303390,4.0,86.0,miniled,3840.0,2160.0,1,20.0,3.0,51.2,1,81.0,croma,2.0
257,258,sony,1,0,295690,4.25,85.0,led,3840.0,2160.0,1,20.0,2.8,38.4,1,77.0,croma,2.0
258,259,tcl,1,0,84990,4.5,75.0,qled,3840.0,2160.0,1,30.0,2.0,16.0,1,67.0,croma,2.0
259,260,tcl,1,0,31990,4.15,43.0,led,3840.0,2160.0,1,24.0,3.2,22.4,1,48.0,amazon,1.6
260,261,samsung,1,0,316990,4.25,75.0,micro,3840.0,2160.0,1,30.0,3.0,44.8,1,82.0,croma,2.0
261,262,tcl,1,0,39990,4.65,55.0,led,3840.0,2160.0,1,24.0,2.6,22.4,1,51.0,amazon,1.6
262,263,tcl,1,0,58990,4.55,65.0,qled,3840.0,2160.0,1,24.0,2.0,16.0,1,62.0,amazon,1.0
263,264,lg,1,0,181490,4.0,55.0,oled,3840.0,2160.0,1,40.0,2.8,44.8,1,81.0,croma,3.0
264,265,lg,1,0,409990,4.75,77.0,oled,3840.0,2160.0,1,20.0,3.0,51.2,1,81.0,croma,2.0
265,266,samsung,1,0,122490,4.75,48.0,oled,3840.0,2160.0,1,20.0,3.0,57.6,1,79.0,croma,2.0
266,267,samsung,1,0,100990,4.45,55.0,qled,3840.0,2160.0,1,30.0,2.2,25.6,1,72.0,croma,2.0
267,268,samsung,1,0,54790,4.4,55.0,led,3840.0,2160.0,1,30.0,2.2,25.6,1,58.0,croma,1.0
268,269,samsung,1,0,60990,4.5,50.0,qled,3840.0,2160.0,1,20.0,2.0,22.4,1,56.0,croma,2.0
269,270,samsung,1,0,208990,4.25,85.0,led,3840.0,2160.0,1,20.0,3.0,38.4,1,71.0,croma,1.0
270,271,samsung,1,0,44990,4.4,55.0,led,3840.0,2160.0,1,30.0,2.0,25.6,1,57.0,flipkart,1.0
271,272,lg,1,0,201690,4.4,85.0,led,3840.0,2160.0,1,20.0,2.8,35.2,1,70.0,croma,1.0
272,273,tcl,1,0,89999,4.6,75.0,qled,3840.0,2160.0,1,35.0,3.0,32.0,1,73.0,flipkart,1.0
273,274,samsung,1,0,144999,4.3,65.0,oled,3840.0,2160.0,1,20.0,2.8,38.4,1,77.0,flipkart,2.0
274,275,vw,1,0,39999,4.45,65.0,qled,3840.0,2160.0,1,60.0,2.0,32.0,1,57.0,amazon,2.0
275,276,hisense,0,1,21999,4.6,43.0,qled,1920.0,1080.0,1,26.0,2.8,19.2,1,45.0,flipkart,2.0
276,277,motorola,1,0,55999,4.55,65.0,miniled,3840.0,2160.0,1,20.0,2.0,64.0,1,68.0,flipkart,3.0
277,278,croma,0,0,11990,4.5,32.0,led,1920.0,768.0,1,20.0,1.0,16.0,1,38.0,croma,2.0
278,279,samsung,1,0,144490,4.45,55.0,oled,3840.0,2160.0,1,20.0,3.0,57.6,1,80.0,croma,2.0
279,280,samsung,1,0,103790,4.4,65.0,miniled,3840.0,2160.0,1,20.0,2.6,32.0,1,73.0,croma,1.0
280,281,samsung,1,0,153790,4.65,75.0,miniled,3840.0,2160.0,1,20.0,2.6,28.8,1,74.0,croma,1.0
281,282,samsung,1,0,102990,4.35,75.0,miniled,3840.0,2160.0,1,20.0,2.8,35.2,1,70.0,flipkart,1.0
282,283,lg,1,0,39999,4.75,50.0,led,3840.0,2160.0,1,20.0,2.0,19.2,1,52.0,amazon,1.0
283,284,samsung,1,0,70990,4.25,55.0,qled,3840.0,2160.0,1,20.0,2.6,16.0,1,63.0,amazon,2.0
284,285,lg,1,0,194990,4.0,65.0,oled,3840.0,2160.0,1,20.0,3.0,44.8,1,78.0,croma,2.0
285,286,samsung,1,0,50490,4.15,50.0,miniled,3840.0,2160.0,1,20.0,2.2,25.6,1,59.0,croma,1.0
286,287,samsung,1,0,88990,4.0,65.0,miniled,3840.0,2160.0,1,20.0,2.8,22.4,1,66.0,amazon,1.0
287,288,samsung,1,0,233390,4.2,85.0,miniled,3840.0,2160.0,1,20.0,2.6,32.0,1,73.0,croma,1.0
288,289,lg,1,0,102290,4.5,65.0,miniled,3840.0,2160.0,1,20.0,2.6,32.0,1,73.0,croma,1.0
289,290,samsung,1,0,120990,4.75,75.0,miniled,3840.0,2160.0,1,20.0,2.8,35.2,1,70.0,amazon,1.0
290,291,samsung,1,0,434990,4.65,77.0,oled,3840.0,2160.0,1,70.0,3.0,41.6,1,87.0,croma,3.0
291,292,reliance,0,0,10490,4.0,32.0,led,1920.0,768.0,1,24.0,1.8,16.0,1,30.0,flipkart,2.0
292,293,samsung,1,0,86990,4.75,55.0,qled,3840.0,2160.0,1,20.0,2.0,19.2,1,59.0,croma,2.0
293,294,samsung,1,0,189990,4.1,75.0,qled,3840.0,2160.0,1,30.0,2.8,35.2,1,78.0,croma,2.0
294,295,samsung,1,0,133490,4.75,65.0,qled,3840.0,2160.0,1,30.0,2.8,28.8,1,76.0,croma,2.0
295,296,lg,0,0,17499,4.75,32.0,led,1920.0,768.0,1,10.0,5.0,16.0,1,35.0,amazon,1.0
296,297,samsung,1,0,192990,4.7,65.0,oled,3840.0,2160.0,1,20.0,3.0,51.2,1,82.0,flipkart,2.0
297,298,hisense,1,0,31990,4.5,50.0,led,3840.0,2160.0,1,30.0,2.0,22.4,1,52.0,amazon,2.0
298,299,hisense,1,0,26990,4.4,43.0,led,3840.0,2160.0,1,30.0,1.8,22.4,1,51.0,amazon,2.0
299,300,toshiba,0,0,15990,4.15,32.0,qled,1920.0,768.0,1,26.0,2.6,16.0,1,42.0,amazon,2.0
300,301,realme,1,0,22499,4.2,43.0,led,3840.0,2160.0,1,30.0,2.0,32.0,1,46.0,flipkart,2.0
301,302,haier,1,0,45990,4.6,55.0,led,3840.0,2160.0,1,20.0,2.0,19.2,1,45.0,flipkart,2.0
302,303,realme,0,0,11199,4.3,32.0,qled,1920.0,768.0,1,20.0,1.0,16.0,1,42.0,flipkart,2.0
303,304,xiaomi,1,0,99999,4.3,75.0,miniled,3840.0,2160.0,1,34.0,2.0,32.0,1,71.0,flipkart,1.0
304,305,realme,1,0,23499,4.15,43.0,qled,3840.0,2160.0,1,40.0,2.0,16.0,1,54.0,flipkart,2.0
305,306,philips,1,0,89999,4.2,75.0,miniled,3840.0,2160.0,1,36.0,2.0,32.0,1,73.0,amazon,2.0
306,307,foxsky,1,0,64999,4.65,75.0,miniled,3840.0,2160.0,0,40.0,1.0,19.2,1,55.0,flipkart,2.0
307,308,onida,1,0,30999,4.3,55.0,led,3840.0,2160.0,1,24.0,2.6,19.2,1,43.0,amazon,2.0
308,309,onida,1,0,24499,4.25,43.0,qled,3840.0,2160.0,1,24.0,2.6,19.2,1,43.0,amazon,2.0
309,310,bush,0,0,8499,4.0,32.0,qled,1920.0,768.0,1,20.0,2.6,16.0,1,33.0,flipkart,2.0
310,311,bush,0,0,8299,4.2,32.0,led,1920.0,768.0,1,20.0,2.6,16.0,1,31.0,flipkart,2.0
311,312,bush,1,0,19999,4.65,43.0,led,3840.0,2160.0,1,20.0,3.2,22.4,1,40.0,flipkart,2.0
312,313,vw,1,0,55199,4.15,75.0,qled,3840.0,2160.0,1,48.0,2.0,16.0,1,57.0,flipkart,2.0
313,314,lg,1,0,31990,4.15,43.0,led,3840.0,2160.0,1,20.0,2.0,19.2,1,46.0,flipkart,2.0
314,315,lg,1,0,189999,4.35,75.0,miniled,3840.0,2160.0,1,20.0,2.4,28.8,1,74.0,flipkart,2.0
315,316,uniboom,0,0,6990,4.7,24.0,led,1920.0,768.0,1,30.0,1.8,16.0,1,30.0,amazon,1.0
316,317,rgl,0,1,17987,4.25,40.0,led,1920.0,1080.0,1,30.0,2.6,19.2,1,36.0,flipkart,2.0
317,318,onida,1,0,45999,4.45,65.0,led,3840.0,2160.0,1,20.0,2.0,19.2,1,55.0,flipkart,1.0
318,319,onida,1,0,29499,4.35,50.0,led,3840.0,2160.0,1,20.0,2.0,19.2,1,50.0,flipkart,1.0
319,320,onida,1,0,32499,4.55,55.0,led,3840.0,2160.0,1,20.0,2.0,19.2,1,52.0,flipkart,1.0
320,321,croma,0,0,9990,4.15,32.0,led,1920.0,768.0,1,24.0,1.0,16.0,1,31.0,croma,2.0
321,322,onida,1,0,36499,4.25,55.0,qled,3840.0,2160.0,1,20.0,2.0,19.2,1,58.0,amazon,2.0
322,323,wobble,1,0,32999,4.45,55.0,led,3840.0,2160.0,1,36.0,2.0,16.0,1,52.0,flipkart,2.0
323,324,foxsky,1,0,25999,4.55,50.0,miniled,3840.0,2160.0,0,40.0,1.0,22.4,1,47.0,flipkart,2.0
324,325,foxsky,1,0,30999,4.3,55.0,miniled,3840.0,2160.0,0,40.0,1.0,22.4,1,48.0,flipkart,2.0
325,326,foxsky,1,0,43999,4.55,65.0,miniled,3840.0,2160.0,0,40.0,1.0,22.4,1,51.0,flipkart,2.0
326,327,realme,1,0,28999,4.0,50.0,led,3840.0,2160.0,1,30.0,2.0,32.0,1,47.0,flipkart,2.0
327,328,motorola,1,0,24599,4.3,43.0,qled,3840.0,2160.0,1,30.0,2.0,32.0,1,47.0,flipkart,2.0
328,329,elista,1,0,27021,4.05,50.0,led,3840.0,2160.0,1,20.0,2.0,16.0,1,45.0,flipkart,2.0
329,330,haier,0,0,15990,4.3,32.0,led,1920.0,768.0,1,16.0,1.0,16.0,1,33.0,amazon,2.0
330,331,haier,1,0,36490,4.6,50.0,led,3840.0,2160.0,1,20.0,2.0,32.0,1,50.0,amazon,2.0
331,332,haier,1,0,29490,4.6,43.0,led,3840.0,2160.0,1,20.0,2.0,32.0,1,48.0,amazon,2.0
332,333,coocaa,1,0,45999,4.2,65.0,miniled,3840.0,2160.0,1,36.0,2.0,32.0,1,64.0,amazon,2.0
333,334,panasonic,1,0,48990,4.45,55.0,led,3840.0,2160.0,1,20.0,2.0,16.0,1,61.0,flipkart,2.0
334,335,hisense,1,0,39190,4.35,55.0,qled,3840.0,2160.0,1,30.0,2.0,16.0,1,60.0,flipkart,2.0
335,336,hisense,1,0,53890,4.15,65.0,qled,3840.0,2160.0,1,30.0,2.0,16.0,1,63.0,flipkart,2.0
336,337,vzy,1,0,27500,4.55,43.0,qled,3840.0,2160.0,1,24.0,2.0,16.0,1,54.0,amazon,2.0
337,338,kodak,1,0,57999,4.75,65.0,miniled,3840.0,2160.0,1,8.0,2.0,19.2,1,67.0,amazon,2.0
338,339,haier,1,0,129990,4.25,75.0,miniled,3840.0,2160.0,1,50.0,4.0,64.0,1,82.0,amazon,2.0
339,340,vzy,0,0,15990,4.2,32.0,led,1920.0,768.0,1,20.0,1.0,16.0,1,36.0,amazon,2.0
340,341,panasonic,1,0,66980,4.65,65.0,led,3840.0,2160.0,1,20.0,2.0,16.0,1,60.0,flipkart,2.0
341,342,vzy,1,0,29725,4.45,43.0,qled,3840.0,2160.0,0,40.0,2.0,16.0,1,55.0,flipkart,2.0
342,343,acerpure,1,0,209999,4.7,100.0,qled,3840.0,2160.0,1,60.0,3.0,32.0,1,80.0,flipkart,2.0
343,344,vzy,1,0,38500,4.2,55.0,qled,3840.0,2160.0,0,50.0,2.0,16.0,1,55.0,amazon,2.0
344,345,onida,1,0,43999,4.45,50.0,miniled,3840.0,2160.0,1,20.0,2.0,25.6,1,57.0,amazon,2.0
345,346,toshiba,1,0,32990,4.0,50.0,qled,3840.0,2160.0,1,24.0,2.0,16.0,1,56.0,amazon,2.0
346,347,toshiba,1,0,31990,4.7,43.0,qled,3840.0,2160.0,1,24.0,1.8,16.0,1,55.0,amazon,2.0
347,348,acer,0,0,11999,4.5,32.0,led,1920.0,768.0,1,28.4,2.6,16.0,1,33.0,amazon,2.0
348,349,onida,1,0,29499,4.45,55.0,led,3840.0,2160.0,1,20.0,2.0,19.2,1,46.0,flipkart,2.0
349,350,blaupunkt,1,0,33999,4.5,55.0,qled,3840.0,2160.0,1,80.0,2.0,32.0,1,55.0,flipkart,2.0
350,351,thomson,1,0,44999,4.0,65.0,qled,3840.0,2160.0,1,70.0,2.0,32.0,1,64.0,flipkart,2.0
351,352,blaupunkt,1,0,45999,4.2,65.0,qled,3840.0,2160.0,1,80.0,2.0,32.0,1,58.0,flipkart,2.0
352,353,kodak,1,0,32999,4.45,55.0,qled,3840.0,2160.0,1,70.0,2.0,22.4,1,57.0,flipkart,2.0
353,354,thomson,1,0,64999,4.65,75.0,qled,3840.0,2160.0,1,70.0,2.0,32.0,1,67.0,flipkart,2.0
354,355,blaupunkt,1,0,65999,4.35,75.0,qled,3840.0,2160.0,1,80.0,2.0,32.0,1,64.0,flipkart,2.0
355,356,lg,1,0,48990,4.65,55.0,led,3840.0,2160.0,1,20.0,2.0,19.2,1,52.0,flipkart,1.0
356,357,acer,0,0,13499,4.2,32.0,qled,1920.0,768.0,1,30.0,1.0,16.0,1,43.0,amazon,2.0
357,358,acer,1,0,23999,4.75,43.0,qled,3840.0,2160.0,1,30.0,2.0,16.0,1,55.0,flipkart,2.0
358,359,acer,1,0,33999,4.05,55.0,qled,3840.0,2160.0,1,36.0,2.0,16.0,1,56.0,amazon,2.0
359,360,philips,1,0,72999,4.4,75.0,qled,3840.0,2160.0,1,50.0,3.0,16.0,1,67.0,flipkart,2.0
360,361,wobble,0,1,15999,4.7,40.0,led,1920.0,1080.0,1,30.0,5.0,16.0,1,38.0,flipkart,2.0
361,362,wobble,0,0,11999,4.0,32.0,led,1920.0,768.0,1,30.0,5.0,16.0,1,36.0,flipkart,2.0
362,363,croma,1,0,29990,4.0,55.0,led,3840.0,2160.0,1,20.0,2.0,16.0,1,46.0,croma,2.0
363,364,acer,0,1,15999,4.15,40.0,led,1920.0,1080.0,1,26.0,2.6,19.2,1,36.0,flipkart,2.0
364,365,acer,1,0,24999,4.65,50.0,led,3840.0,2160.0,1,36.0,2.0,16.0,1,53.0,amazon,2.0
365,366,acerpure,1,0,35999,4.25,55.0,qled,3840.0,2160.0,1,40.0,2.0,16.0,1,55.0,amazon,2.0
366,367,hisense,1,0,55898,4.1,65.0,qled,3840.0,2160.0,1,48.0,2.0,25.6,1,57.0,flipkart,2.0
367,368,hisense,1,0,38990,4.25,55.0,qled,3840.0,2160.0,1,48.0,2.0,19.2,1,53.0,amazon,2.0
368,369,metz,1,0,49999,4.35,55.0,qled,3840.0,2160.0,1,30.0,2.2,32.0,1,63.0,flipkart,2.0
369,370,hisense,1,0,34990,4.2,50.0,qled,3840.0,2160.0,1,48.0,2.0,16.0,1,51.0,amazon,2.0
370,371,realme,1,0,61499,4.75,75.0,qled,3840.0,2160.0,1,30.0,2.0,22.4,1,56.0,flipkart,2.0
371,372,vu,1,0,58499,4.15,75.0,qled,3840.0,2160.0,1,24.0,2.0,16.0,1,67.0,flipkart,2.0
372,373,blaupunkt,1,0,20999,4.6,43.0,qled,3840.0,2160.0,1,50.0,2.0,16.0,1,49.0,flipkart,2.0
373,374,kodal,1,0,30999,4.65,55.0,qled,3840.0,2160.0,1,60.0,2.0,16.0,1,53.0,flipkart,2.0
374,375,thomson,1,0,24999,4.6,50.0,qled,3840.0,2160.0,1,48.0,2.0,16.0,1,45.0,flipkart,2.0
375,376,bpl,1,0,24490,4.3,43.0,qled,3840.0,2160.0,1,20.0,3.2,22.4,1,41.0,flipkart,2.0
376,377,croma,0,0,15990,4.35,32.0,qled,1920.0,768.0,1,40.0,1.0,16.0,1,38.0,croma,2.0
377,378,lg,1,0,243999,4.6,86.0,qned,3840.0,2160.0,1,20.0,2.4,22.4,1,67.0,flipkart,1.0
378,379,sony,1,0,66490,4.2,50.0,led,3840.0,2160.0,1,20.0,2.0,16.0,1,55.0,amazon,2.0
379,380,sansui,0,0,13490,4.25,32.0,led,1920.0,768.0,1,20.0,3.4,16.0,1,36.0,flipkart,2.0
380,381,coocaa,1,0,24999,4.15,55.0,led,3840.0,2160.0,1,20.0,2.0,32.0,1,47.0,flipkart,2.0
381,382,sansui,1,0,40490,4.65,55.0,qled,3840.0,2160.0,1,30.0,2.0,32.0,1,63.0,flipkart,2.0
382,383,sansui,1,0,32490,4.45,43.0,qled,3840.0,2160.0,1,30.0,2.0,32.0,1,55.0,amazon,2.0
383,384,tcl,0,1,14790,4.45,32.0,qled,1920.0,768.0,1,20.0,1.8,16.0,1,37.0,flipkart,2.0
384,385,tcl,1,0,79999,4.7,65.0,qled,3840.0,2160.0,1,20.0,3.0,64.0,1,73.0,flipkart,2.0
385,386,tcl,1,0,229999,4.55,85.0,miniled,3840.0,2160.0,1,20.0,3.0,64.0,1,80.0,flipkart,1.0
386,387,tcl,1,0,179999,4.0,75.0,miniled,3840.0,2160.0,1,32.0,3.0,64.0,1,81.0,flipkart,2.0
387,388,croma,1,0,21990,4.3,43.0,qled,3840.0,2160.0,1,20.0,2.0,32.0,1,49.0,croma,2.0
388,389,kodak,1,0,41999,4.0,65.0,qled,3840.0,2160.0,1,60.0,2.0,16.0,1,56.0,flipkart,2.0
389,390,panasonic,0,0,16979,4.05,32.0,led,1920.0,768.0,1,20.0,5.0,16.0,1,34.0,flipkart,2.0
390,391,tcl,1,0,269999,4.75,85.0,miniled,3840.0,2160.0,1,54.0,3.0,64.0,1,84.0,flipkart,2.0
391,392,motorola,1,0,30499,4.4,50.0,qled,3840.0,2160.0,1,48.0,2.0,32.0,1,54.0,flipkart,2.0
392,393,sansui,1,0,36990,4.6,50.0,qled,3840.0,2160.0,1,30.0,2.0,22.4,1,54.0,amazon,2.0
393,394,croma,0,0,10994,4.0,32.0,qled,1920.0,768.0,1,20.0,1.0,16.0,1,40.0,croma,2.0
394,395,blaupunkt,0,1,13999,4.05,40.0,led,1920.0,1080.0,1,36.0,1.8,19.2,1,33.0,flipkart,2.0
395,396,croma,1,0,19990,4.25,43.0,led,3840.0,2160.0,1,20.0,2.0,32.0,1,45.0,croma,2.0
396,397,infinix,0,0,10999,4.75,32.0,qled,1920.0,768.0,1,20.0,3.4,16.0,1,35.0,flipkart,2.0
397,398,coocaa,0,0,8599,4.6,31.5,led,1920.0,768.0,1,20.0,1.8,16.0,1,29.0,flipkart,2.0
398,399,reliance,0,1,11205,4.25,32.0,led,1920.0,1080.0,1,24.0,2.6,19.2,1,35.0,flipkart,3.0
399,400,innoq,0,0,5989,4.4,24.0,led,1920.0,768.0,1,30.0,1.8,16.0,1,30.0,flipkart,2.0
400,401,uniboom,0,0,5490,4.1,24.0,led,1920.0,768.0,0,30.0,1.8,16.0,1,19.0,amazon,2.0
401,402,uniboom,0,1,11790,4.2,40.0,led,1920.0,1080.0,0,30.0,2.6,19.2,1,31.0,amazon,2.0
402,403,blaupunkt,1,0,94999,4.35,75.0,led,3840.0,2160.0,1,8.0,2.0,16.0,1,70.0,flipkart,2.0
403,404,realme,1,0,42499,4.6,65.0,led,3840.0,2160.0,1,30.0,2.0,28.8,1,49.0,flipkart,2.0
404,405,uniboom,0,0,8995,4.6,32.0,led,1920.0,768.0,1,30.0,1.8,16.0,0,31.0,amazon,1.8
405,406,croma,0,0,10494,4.4,32.0,led,1920.0,768.0,1,20.0,1.0,16.0,1,36.0,croma,2.0
406,407,toshiba,1,0,55990,4.0,65.0,qled,3840.0,2160.0,1,24.0,2.2,28.8,1,60.0,amazon,2.0
407,408,vu,1,0,47999,4.4,65.0,qled,3840.0,2160.0,1,24.0,2.0,16.0,1,66.0,amazon,2.0
408,409,croma,1,0,31990,4.3,50.0,qled,3840.0,2160.0,1,20.0,2.0,32.0,1,53.0,croma,2.0
409,410,vu,1,0,23990,4.15,43.0,qled,3840.0,2160.0,1,24.0,2.0,16.0,1,59.0,amazon,2.0
410,411,haier,1,0,26500,4.15,43.0,led,3840.0,2160.0,1,20.0,2.0,32.0,1,44.0,flipkart,2.0
411,412,realme,0,0,10999,4.05,32.0,qled,1920.0,768.0,1,26.0,1.0,16.0,1,36.0,flipkart,2.0
412,413,sony,1,0,546690,4.0,98.0,miniled,3840.0,2160.0,1,20.0,3.0,51.2,1,82.0,croma,2.0
413,414,kenstar,1,0,25299,4.3,55.0,led,3840.0,2160.0,1,24.0,5.0,25.6,1,45.0,flipkart,2.0
414,415,kenstar,1,0,21799,4.0,50.0,led,3840.0,2160.0,1,24.0,5.0,19.2,1,43.0,flipkart,2.0
415,416,haier,1,0,65990,4.7,65.0,qled,3840.0,2160.0,1,30.0,2.0,32.0,1,64.0,croma,2.0
416,417,motorola,0,0,11699,4.35,32.0,qled,1920.0,768.0,1,40.0,1.0,16.0,1,38.0,flipkart,2.0
417,418,iffalcon,1,0,69999,4.7,75.0,led,3840.0,2160.0,1,30.0,3.0,32.0,1,61.0,flipkart,1.0
418,419,thomson,1,0,94999,4.25,75.0,miniled,3840.0,2160.0,1,8.0,2.0,16.0,1,70.0,flipkart,2.0
419,420,iffalcon,1,0,49999,4.45,65.0,qled,3840.0,2160.0,1,20.0,3.0,32.0,1,63.0,flipkart,1.0
420,421,kodak,0,0,9149,4.75,32.0,qled,1920.0,768.0,1,36.0,1.8,16.0,1,32.0,amazon,2.0
421,422,kodak,0,1,13999,4.4,40.0,qled,1920.0,1080.0,1,36.0,1.8,19.2,1,35.0,flipkart,2.0
422,423,kodak,0,0,6899,4.6,24.0,qled,1920.0,768.0,1,24.0,2.6,16.0,1,31.0,flipkart,2.0
423,424,toshiba,1,0,44999,4.3,65.0,led,3840.0,2160.0,1,20.0,2.0,16.0,1,58.0,amazon,2.0
424,425,hisense,1,0,26999,4.0,50.0,led,3840.0,2160.0,1,30.0,2.0,28.8,1,48.0,amazon,2.0
425,426,xiaomi,1,0,23999,4.4,43.0,led,3840.0,2160.0,1,24.0,2.0,25.6,1,45.0,flipkart,2.0
426,427,toshiba,0,1,19999,4.25,40.0,led,1920.0,1080.0,1,20.0,2.6,19.2,1,38.0,flipkart,2.0
427,428,philips,1,0,55999,4.75,65.0,qled,3840.0,2160.0,1,30.0,2.0,32.0,1,65.0,amazon,2.0
428,429,toshiba,0,0,13990,4.7,32.0,led,1920.0,768.0,1,20.0,3.4,16.0,1,35.0,amazon,2.0
429,430,nu,1,0,24999,4.55,43.0,led,3840.0,2160.0,1,20.0,2.0,19.2,1,45.0,flipkart,2.0
430,431,nu,1,0,34999,4.55,55.0,led,3840.0,2160.0,1,20.0,2.0,22.4,1,48.0,flipkart,2.0
431,432,nu,0,1,19999,4.0,43.0,led,1920.0,1080.0,1,24.0,5.0,19.2,1,41.0,amazon,2.0
432,433,croma,1,0,52990,4.5,65.0,led,3840.0,2160.0,1,20.0,2.0,32.0,1,56.0,croma,2.0
433,434,philips,0,1,13499,4.0,32.0,led,1920.0,768.0,1,24.0,5.0,16.0,1,39.0,amazon,2.0
434,435,coocaa,1,0,40999,4.25,65.0,qled,3840.0,2160.0,1,40.0,2.0,32.0,1,61.0,amazon,2.0
435,436,coocaa,1,0,26999,4.6,43.0,qled,3840.0,2160.0,1,40.0,2.0,32.0,1,56.0,amazon,2.0
436,437,sony,1,0,169390,4.2,65.0,miniled,3840.0,2160.0,1,20.0,2.8,38.4,1,77.0,croma,2.0
437,438,lg,1,0,164999,4.1,55.0,oled,3840.0,2160.0,1,60.0,2.8,35.2,1,79.0,flipkart,3.0
438,439,philips,1,0,41999,4.3,55.0,qled,3840.0,2160.0,1,50.0,2.0,16.0,1,58.0,amazon,2.0
439,440,lg,1,0,74590,4.65,65.0,led,3840.0,2160.0,1,20.0,2.0,25.6,1,57.0,croma,2.0
440,441,xiaomi,1,0,36999,4.45,55.0,qled,3840.0,2160.0,1,34.0,2.0,32.0,1,55.0,flipkart,2.0
441,442,haier,1,0,104999,4.55,55.0,oled,3840.0,2160.0,1,50.0,3.0,32.0,1,78.0,flipkart,2.0
442,443,sony,1,0,367640,4.65,85.0,miniled,3840.0,2160.0,1,20.0,3.0,51.2,1,81.0,amazon,2.0
443,444,sony,1,0,139890,4.7,55.0,miniled,3840.0,2160.0,1,20.0,2.4,38.4,1,75.0,croma,2.0
444,445,kodak,1,0,18999,4.3,43.0,qled,3840.0,2160.0,1,40.0,2.0,22.4,1,44.0,amazon,2.0
445,446,sony,1,0,156990,4.0,65.0,miniled,3840.0,2160.0,1,20.0,2.6,38.4,1,76.0,amazon,2.0
446,447,vu,1,0,63990,4.7,75.0,qled,3840.0,2160.0,1,88.0,2.0,16.0,1,68.0,amazon,2.0
447,448,vu,1,0,37495,4.4,50.0,qled,3840.0,2160.0,1,88.0,2.0,16.0,1,62.0,flipkart,2.0
448,449,haier,0,0,14599,4.3,32.0,led,1920.0,768.0,1,16.0,1.0,16.0,1,31.0,flipkart,2.0
449,450,vu,1,0,49990,4.55,65.0,qled,3840.0,2160.0,1,88.0,2.0,16.0,1,66.0,amazon,2.0
450,451,sony,1,0,241790,4.0,55.0,oled,3840.0,2160.0,1,30.0,2.8,32.0,1,83.0,amazon,2.0
451,452,sony,1,0,129990,4.65,55.0,miniled,3840.0,2160.0,1,20.0,2.4,28.8,1,74.0,amazon,2.0
452,453,sony,1,0,332490,4.05,65.0,oled,3840.0,2160.0,1,30.0,3.0,32.0,1,85.0,amazon,2.0
453,454,coocaa,0,1,15499,4.4,43.0,led,1920.0,1080.0,1,30.0,2.6,19.2,1,33.0,flipkart,1.0
454,455,sony,1,0,64590,4.55,50.0,led,3840.0,2160.0,1,20.0,2.0,16.0,1,55.0,amazon,2.0
455,456,blaupunkt,1,0,30999,4.75,55.0,qled,3840.0,2160.0,1,70.0,2.0,16.0,1,54.0,flipkart,2.0
456,457,blaupunkt,1,0,27999,4.3,50.0,qled,3840.0,2160.0,1,50.0,2.0,16.0,1,53.0,flipkart,2.0
457,458,haier,0,1,18999,4.2,32.0,qled,1920.0,1080.0,0,20.0,5.0,19.2,1,37.0,croma,2.0
458,459,hisense,1,0,269999,4.05,100.0,miniled,3840.0,2160.0,1,30.0,3.0,44.8,1,84.0,flipkart,2.0
459,460,hisense,1,0,149999,4.05,85.0,miniled,3840.0,2160.0,1,30.0,3.0,44.8,1,82.0,flipkart,2.0
460,461,hisense,1,0,69999,4.1,75.0,qled,3840.0,2160.0,1,30.0,2.0,25.6,1,71.0,amazon,2.0
461,462,lg,1,0,99990,4.05,75.0,led,3840.0,2160.0,1,20.0,2.8,19.2,1,65.0,croma,2.0
462,463,hisense,1,0,119999,4.1,85.0,qled,3840.0,2160.0,1,30.0,3.0,44.8,1,79.0,amazon,2.0
463,464,beston,1,0,36399,4.25,65.0,qled,3840.0,2160.0,1,35.0,2.0,22.4,1,55.0,flipkart,2.0
464,465,sony,1,0,60990,4.0,50.0,led,3840.0,2160.0,1,20.0,2.0,19.2,1,55.0,amazon,2.0
465,466,tcl,1,0,106991,4.25,75.0,miniled,3840.0,2160.0,1,20.0,2.4,38.4,1,76.0,flipkart,2.0
466,467,samsung,1,0,84990,4.75,75.0,led,3840.0,2160.0,1,20.0,2.2,22.4,1,60.0,amazon,1.0
467,468,tcl,1,0,99990,4.5,75.0,miniled,3840.0,2160.0,1,20.0,3.0,32.0,1,76.0,amazon,1.0
468,469,lg,1,0,179990,4.25,65.0,oled,3840.0,2160.0,1,40.0,2.8,38.4,1,78.0,flipkart,3.0
469,470,lg,1,0,412290,4.35,77.0,oled,3840.0,2160.0,1,60.0,3.0,32.0,1,81.0,croma,3.0
470,471,sony,1,0,50190,4.35,43.0,led,3840.0,2160.0,1,20.0,2.0,16.0,1,51.0,amazon,2.0
471,472,lg,0,0,13599,4.0,32.0,led,1920.0,768.0,1,20.0,2.6,16.0,1,34.0,croma,1.0
472,473,reliance,1,0,34307,4.7,55.0,led,3840.0,2160.0,1,24.0,2.0,16.0,1,45.0,flipkart,2.0
473,474,tcl,1,0,129990,4.5,85.0,qled,3840.0,2160.0,1,20.0,3.0,32.0,1,80.0,amazon,2.0
474,475,toshiba,1,0,79999,4.15,75.0,qled,3840.0,2160.0,1,30.0,2.4,16.0,1,72.0,flipkart,2.0
475,476,toshiba,1,0,56999,4.05,65.0,qled,3840.0,2160.0,1,20.0,2.6,16.0,1,68.0,amazon,2.0
476,477,toshiba,1,0,139999,4.3,85.0,qled,3840.0,2160.0,1,50.0,2.2,16.0,1,79.0,flipkart,2.0
477,478,toshiba,1,0,41990,4.5,55.0,qled,3840.0,2160.0,1,20.0,2.6,16.0,1,65.0,amazon,2.0
478,479,lg,1,0,384190,4.45,77.0,oled,3840.0,2160.0,1,40.0,2.8,44.8,1,82.0,croma,3.0
479,480,sony,1,0,125790,4.0,75.0,led,3840.0,2160.0,1,20.0,2.2,16.0,1,64.0,croma,2.0
480,481,sony,1,0,86480,4.0,65.0,led,3840.0,2160.0,1,20.0,2.0,16.0,1,59.0,amazon,2.0
481,482,tcl,1,0,49990,4.15,65.0,led,3840.0,2160.0,1,20.0,2.0,19.2,1,52.0,croma,1.0
482,483,reliance,0,0,11930,4.5,32.0,led,1920.0,768.0,1,20.0,5.0,16.0,1,34.0,flipkart,2.0
483,484,tcl,1,0,34990,4.35,50.0,led,3840.0,2160.0,1,10.0,2.0,16.0,1,51.0,croma,1.0
484,485,tcl,1,0,59999,4.35,65.0,qled,3840.0,2160.0,1,36.0,3.0,32.0,1,66.0,flipkart,1.0
485,486,tcl,1,0,74990,4.75,75.0,qled,3840.0,2160.0,1,30.0,2.0,16.0,1,67.0,amazon,1.0
486,487,samsung,0,1,23750,4.75,43.0,led,1920.0,1080.0,1,20.0,1.0,19.2,1,41.0,amazon,1.0
487,488,sony,1,0,50990,4.15,43.0,led,3840.0,2160.0,1,20.0,2.2,16.0,1,52.0,amazon,2.0
488,489,lg,1,0,132990,4.7,75.0,miniled,3840.0,2160.0,1,20.0,3.0,44.8,1,78.0,croma,2.0
489,490,haier,1,0,49090,4.45,55.0,qled,3840.0,2160.0,1,30.0,2.0,32.0,1,60.0,croma,2.0
490,491,realme,1,0,23999,4.55,43.0,qled,3840.0,2160.0,1,40.0,2.0,32.0,1,51.0,flipkart,2.0
491,492,iffalcon,1,0,29999,4.7,50.0,led,3840.0,2160.0,1,20.0,2.0,16.0,1,48.0,flipkart,1.0
492,493,haier,1,0,63490,4.5,65.0,qled,3840.0,2160.0,1,30.0,2.0,32.0,1,59.0,amazon,2.0
493,494,samsung,1,0,41490,4.1,55.0,led,3840.0,2160.0,1,20.0,2.0,22.4,1,54.0,flipkart,1.0
494,495,croma,1,0,23990,4.25,43.0,led,3840.0,2160.0,1,20.0,2.0,32.0,1,46.0,croma,2.0
495,496,samsung,0,0,17498,4.6,32.0,led,1920.0,768.0,0,20.0,2.6,16.0,1,33.0,flipkart,1.0
496,497,haier,1,0,89999,4.5,55.0,miniled,3840.0,2160.0,1,34.0,3.0,32.0,1,73.0,flipkart,2.0
497,498,haier,1,0,34590,4.0,43.0,qled,3840.0,2160.0,1,24.0,2.0,32.0,1,53.0,amazon,2.0
498,499,samsung,1,0,39999,4.65,50.0,led,3840.0,2160.0,1,20.0,2.0,19.2,1,53.0,flipkart,1.0
499,500,samsung,1,0,91990,4.7,75.0,led,3840.0,2160.0,1,20.0,2.4,19.2,1,62.0,croma,1.0
500,501,samsung,1,0,94999,4.0,55.0,miniled,3840.0,2160.0,1,40.0,2.2,25.6,1,70.0,flipkart,2.0
501,502,samsung,1,0,315694,4.55,77.0,oled,3840.0,2160.0,1,40.0,3.2,44.8,1,85.0,croma,2.0
502,503,samsung,0,1,25990,4.75,43.0,led,1920.0,1080.0,0,20.0,1.8,19.2,1,39.0,amazon,1.0
503,504,samsung,1,0,46475,4.25,43.0,qled,3840.0,2160.0,1,20.0,2.0,19.2,1,55.0,flipkart,2.0
504,505,samsung,1,0,534490,4.1,75.0,miniled,7680.0,4320.0,1,70.0,1.4,19.2,1,83.0,flipkart,2.0
505,506,samsung,1,0,137590,4.65,55.0,miniled,3840.0,2160.0,1,60.0,2.6,32.0,1,75.0,flipkart,2.0
506,507,samsung,1,0,405594,4.5,83.0,oled,3840.0,2160.0,1,40.0,3.2,44.8,1,87.0,croma,2.0
507,508,samsung,1,0,94555,4.65,75.0,led,3840.0,2160.0,1,20.0,2.6,22.4,1,63.0,flipkart,1.0
508,509,samsung,1,0,88990,4.15,75.0,led,3840.0,2160.0,1,20.0,2.6,22.4,1,63.0,flipkart,1.0
509,510,samsung,1,0,61990,4.05,55.0,qled,3840.0,2160.0,1,20.0,2.0,19.2,1,58.0,croma,2.0
510,511,samsung,1,0,146999,4.45,75.0,qled,3840.0,2160.0,1,20.0,2.4,28.8,1,67.0,flipkart,2.0
511,512,lg,0,0,16540,4.25,32.0,led,1920.0,768.0,1,20.0,2.6,16.0,1,34.0,croma,1.0
512,513,samsung,1,0,87703,4.5,65.0,qled,3840.0,2160.0,1,20.0,2.4,16.0,1,62.0,flipkart,2.0
513,514,tcl,1,0,57990,4.65,65.0,qled,3840.0,2160.0,1,20.0,3.0,32.0,1,66.0,amazon,2.0
514,515,samsung,1,0,59990,4.05,65.0,led,3840.0,2160.0,1,20.0,2.2,22.4,1,60.0,flipkart,1.0
515,516,tcl,1,0,34900,4.3,55.0,led,3840.0,2160.0,1,20.0,2.0,22.4,1,49.0,flipkart,1.0
516,517,tcl,1,0,56990,4.25,65.0,qled,3840.0,2160.0,1,20.0,2.0,16.0,1,65.0,amazon,1.0
517,518,samsung,1,0,242390,4.75,65.0,miniled,7680.0,4320.0,1,70.0,1.4,19.2,1,80.0,flipkart,2.0
518,519,iffalcon,1,0,24999,4.1,43.0,led,3840.0,2160.0,1,20.0,2.0,16.0,1,45.0,flipkart,1.0
519,520,iffalcon,1,0,32999,4.3,55.0,led,3840.0,2160.0,1,20.0,2.0,16.0,1,48.0,flipkart,1.0
520,521,samsung,1,0,64190,4.55,65.0,led,3840.0,2160.0,1,20.0,2.0,22.4,1,58.0,flipkart,1.0
521,522,samsung,1,0,46290,4.45,55.0,led,3840.0,2160.0,1,20.0,2.0,22.4,1,54.0,croma,1.0
522,523,samsung,1,0,32549,4.15,43.0,led,3840.0,2160.0,1,20.0,2.0,22.4,1,51.0,flipkart,1.0
523,524,samsung,1,0,45199,4.2,55.0,led,3840.0,2160.0,1,20.0,2.0,19.2,1,55.0,flipkart,1.0
524,525,samsung,1,0,48590,4.65,55.0,led,3840.0,2160.0,1,20.0,2.0,19.2,1,55.0,flipkart,1.0
525,526,samsung,1,0,79490,4.5,55.0,qled,3840.0,2160.0,1,20.0,3.0,19.2,1,64.0,flipkart,2.0
526,527,samsung,1,0,77839,4.75,65.0,led,3840.0,2160.0,1,20.0,2.0,22.4,1,58.0,flipkart,1.0
527,528,samsung,1,0,66233,4.35,50.0,qled,3840.0,2160.0,1,20.0,2.0,19.2,1,61.0,flipkart,2.0
528,529,samsung,1,0,51000,4.6,50.0,led,3840.0,2160.0,1,20.0,2.0,22.4,1,54.0,flipkart,1.0
529,530,samsung,1,0,36570,4.1,43.0,led,3840.0,2160.0,1,20.0,2.0,22.4,1,51.0,flipkart,1.0
530,531,lumio,1,0,54999,4.7,55.0,miniled,3840.0,2160.0,1,24.0,3.0,32.0,1,66.0,amazon,2.0
531,532,vw,1,0,55199,4.6,75.0,qled,3840.0,2160.0,1,48.0,2.0,32.0,1,66.0,amazon,2.0
532,533,lumio,1,0,37999,4.25,55.0,qled,3840.0,2160.0,1,30.0,3.0,16.0,1,60.0,amazon,3.0
533,534,samsung,1,0,31490,4.05,43.0,led,3840.0,2160.0,1,20.0,2.0,19.2,1,52.0,amazon,1.0
534,535,samsung,1,0,74990,4.25,65.0,qled,3840.0,2160.0,1,20.0,2.6,22.4,1,63.0,amazon,1.0
535,536,samsung,1,0,40990,4.5,55.0,led,3840.0,2160.0,1,20.0,2.0,19.2,1,56.0,amazon,1.0
536,537,samsung,1,0,38990,4.35,50.0,led,3840.0,2160.0,1,20.0,2.0,19.2,1,55.0,amazon,1.0
537,538,samsung,1,0,35990,4.65,43.0,qled,3840.0,2160.0,1,20.0,2.0,19.2,1,55.0,croma,1.0
538,539,acer,1,0,51999,4.6,43.0,qled,3840.0,2160.0,1,30.0,2.0,16.0,1,55.0,flipkart,2.0
539,540,tcl,0,0,14990,4.0,32.0,qled,1920.0,768.0,1,16.0,1.0,16.0,1,38.0,amazon,1.0
540,541,iffalcon,0,0,13999,4.4,32.0,led,1920.0,768.0,1,16.0,1.0,16.0,1,35.0,flipkart,1.0
541,542,thomson,0,1,13999,4.3,40.0,led,1920.0,1080.0,1,36.0,1.8,19.2,1,35.0,flipkart,2.0
542,543,thomson,0,0,9149,4.0,32.0,led,1920.0,768.0,1,36.0,1.8,16.0,1,31.0,flipkart,2.0
543,544,uniboom,0,1,13990,4.05,43.0,led,1920.0,1080.0,1,30.0,2.6,19.2,1,35.0,flipkart,2.0
544,545,uniboom,0,0,7090,4.7,32.0,led,1920.0,768.0,0,30.0,1.8,16.0,1,21.0,flipkart,2.0
545,546,infinix,0,1,13499,4.25,40.0,qled,1920.0,1080.0,1,16.0,2.6,19.2,1,36.0,flipkart,2.0
546,547,croma,1,0,35990,4.05,55.0,led,3840.0,2160.0,1,20.0,2.0,25.6,1,47.0,croma,2.0
547,548,onida,1,0,22872,4.0,43.0,led,3840.0,2160.0,1,20.0,3.8,19.2,1,43.0,flipkart,1.0
548,549,lg,0,0,20035,4.6,32.0,led,1920.0,768.0,1,20.0,3.4,16.0,1,38.0,flipkart,1.0
549,550,onida,0,0,12999,4.55,32.0,qled,1920.0,768.0,1,20.0,5.0,16.0,1,40.0,flipkart,2.0
550,551,toshiba,1,0,49999,4.75,65.0,qled,3840.0,2160.0,1,49.0,2.2,16.0,1,66.0,flipkart,2.0
551,552,toshiba,1,0,37999,4.55,55.0,qled,3840.0,2160.0,1,49.0,2.2,16.0,1,63.0,flipkart,2.0
552,553,tcl,1,0,2699999,4.65,115.0,miniled,3840.0,2160.0,1,20.0,3.0,64.0,1,92.0,flipkart,3.0
553,554,blackdecker,1,0,29999,4.05,50.0,led,3840.0,2160.0,1,30.0,2.0,16.0,1,54.0,amazon,2.0
554,555,lloyd,0,1,22849,4.2,43.0,led,1920.0,1080.0,1,20.0,2.6,19.2,1,37.0,flipkart,2.0
555,556,croma,0,0,8994,4.55,32.0,led,1920.0,768.0,1,20.0,5.0,16.0,1,35.0,croma,2.0
556,557,reliance,1,0,22990,4.0,43.0,led,3840.0,2160.0,1,24.0,2.0,19.2,1,43.0,flipkart,2.0
557,558,infinix,1,0,26999,4.1,55.0,qled,3840.0,2160.0,1,40.0,2.0,16.0,1,55.0,flipkart,2.0
558,559,acer,1,0,71039,4.75,65.0,qled,3840.0,2160.0,1,60.0,2.0,16.0,1,69.0,flipkart,2.0
559,560,acer,1,0,99999,4.35,75.0,qled,3840.0,2160.0,1,60.0,3.0,32.0,1,76.0,amazon,2.0
560,561,foxsky,1,0,41999,4.35,65.0,qled,3840.0,2160.0,1,30.0,2.0,16.0,1,66.0,amazon,2.0
561,562,foxsky,1,0,69999,4.5,75.0,qled,3840.0,2160.0,1,30.0,2.0,16.0,1,70.0,amazon,2.0
562,563,reliance,1,0,29910,4.7,55.0,qled,3840.0,2160.0,1,24.0,5.0,22.4,1,51.0,flipkart,2.0
563,564,vu,1,0,65490,4.65,65.0,qled,3840.0,2160.0,1,24.0,3.0,16.0,1,74.0,amazon,2.0
564,565,foxsky,1,0,24999,4.55,50.0,qled,3840.0,2160.0,1,30.0,2.0,25.6,1,55.0,flipkart,2.0
565,566,foxsky,1,0,27999,4.45,55.0,qled,3840.0,2160.0,1,30.0,2.0,25.6,1,55.0,flipkart,2.0
566,567,samsung,1,0,74990,4.6,55.0,qled,3840.0,2160.0,1,20.0,2.4,28.8,1,67.0,amazon,2.0
567,568,hisense,0,1,24990,4.5,43.0,led,1920.0,1080.0,1,30.0,2.0,19.2,1,41.0,flipkart,2.0
568,569,acer,0,0,15399,4.3,32.0,qled,1920.0,768.0,1,30.0,5.0,16.0,1,41.0,flipkart,2.0
569,570,acer,1,0,37999,4.1,55.0,qled,3840.0,2160.0,1,60.0,2.0,16.0,1,63.0,amazon,2.0
570,571,acer,1,0,32499,4.1,50.0,qled,3840.0,2160.0,1,60.0,2.0,16.0,1,62.0,amazon,2.0
571,572,vu,1,0,27699,4.6,50.0,led,3840.0,2160.0,1,24.0,2.0,16.0,1,55.0,flipkart,2.0
572,573,vu,1,0,28990,4.35,43.0,led,3840.0,2160.0,1,24.0,2.0,16.0,1,53.0,flipkart,2.0
573,574,hisense,0,0,11999,4.2,32.0,led,1920.0,768.0,1,30.0,4.2,16.0,1,36.0,amazon,2.0
574,575,xiaomi,1,0,70999,4.6,65.0,qled,3840.0,2160.0,1,30.0,2.0,32.0,1,68.0,amazon,2.0
575,576,realme,1,0,24999,4.3,55.0,led,3840.0,2160.0,1,40.0,2.0,16.0,1,48.0,flipkart,2.0
576,577,realme,1,0,24399,4.75,43.0,led,3840.0,2160.0,1,30.0,2.0,16.0,1,46.0,flipkart,2.0
577,578,realme,1,0,37799,4.25,65.0,qled,3840.0,2160.0,1,44.0,2.0,16.0,1,57.0,flipkart,2.0
578,579,xiaomi,1,0,34099,4.4,55.0,led,3840.0,2160.0,1,30.0,2.0,19.2,1,52.0,flipkart,2.0
579,580,infinix,0,0,8399,4.05,31.89,led,1920.0,768.0,1,16.0,1.0,16.0,1,31.0,flipkart,1.0
580,581,samsung,1,0,45990,4.2,55.0,led,3840.0,2160.0,1,20.0,2.0,22.4,1,54.0,amazon,2.0
581,582,sony,1,0,280990,4.4,65.0,oled,3840.0,2160.0,1,40.0,2.8,32.0,1,85.0,croma,2.0
582,583,sony,1,0,356990,4.3,75.0,qled,3840.0,2160.0,1,50.0,3.0,32.0,1,84.0,amazon,2.0
583,584,sony,1,0,469990,4.35,85.0,qled,3840.0,2160.0,1,50.0,3.0,32.0,1,86.0,amazon,2.0
584,585,wobble,0,0,13999,4.25,32.0,led,1920.0,768.0,1,20.0,1.0,16.0,1,37.0,amazon,2.0
585,586,sony,1,0,72699,4.65,50.0,led,3840.0,2160.0,1,20.0,2.2,16.0,1,62.0,flipkart,2.0
586,587,sony,1,0,140990,4.75,75.0,led,3840.0,2160.0,1,20.0,2.2,16.0,1,70.0,amazon,2.0
587,588,hisense,1,0,59999,4.65,65.0,qled,3840.0,2160.0,1,24.0,2.2,22.4,1,66.0,flipkart,2.0
588,589,kodak,0,0,10499,4.55,32.0,qled,1920.0,768.0,1,48.0,1.0,16.0,1,42.0,flipkart,2.0
589,590,haier,0,1,47378,4.65,43.0,led,1920.0,1080.0,1,20.0,5.0,19.2,1,43.0,flipkart,2.0
590,591,thomson,0,0,10499,4.3,32.0,qled,1920.0,768.0,1,48.0,1.0,16.0,1,40.0,flipkart,2.0
591,592,sony,1,0,75990,4.1,55.0,led,3840.0,2160.0,1,20.0,2.0,16.0,1,61.0,amazon,2.0
592,593,sony,0,0,28990,4.25,32.0,led,1920.0,768.0,1,20.0,1.0,16.0,1,42.0,amazon,2.0
593,594,hisense,1,0,43999,4.6,65.0,led,3840.0,2160.0,1,24.0,2.0,16.0,1,58.0,flipkart,2.0
594,595,sony,0,0,28490,4.6,32.0,led,1920.0,768.0,1,20.0,1.8,16.0,1,40.0,amazon,2.0
595,596,sony,1,0,48999,4.5,50.0,led,3840.0,2160.0,1,20.0,2.2,16.0,1,53.0,flipkart,2.0
596,597,sony,1,0,206990,4.7,65.0,miniled,3840.0,2160.0,1,40.0,2.8,32.0,1,81.0,flipkart,2.0
597,598,samsung,1,0,271890,4.2,98.0,led,3840.0,2160.0,1,20.0,2.4,28.8,1,74.0,croma,2.0
598,599,hisense,1,0,32265,4.65,55.0,qled,3840.0,2160.0,1,24.0,2.0,19.2,1,59.0,amazon,2.0
599,600,toshiba,1,0,128999,4.5,85.0,qled,3840.0,2160.0,1,36.0,2.8,32.0,1,76.0,amazon,2.0
600,601,hisense,1,0,22999,4.35,43.0,led,3840.0,2160.0,1,24.0,2.0,16.0,1,53.0,flipkart,2.0
601,602,croma,0,0,5990,4.0,24.0,led,1920.0,768.0,0,12.0,1.8,16.0,1,18.0,croma,2.0
602,603,croma,1,0,64994,4.5,75.0,qled,3840.0,2160.0,1,20.0,2.0,16.0,1,59.0,croma,2.0
603,604,hisense,1,0,52910,4.4,65.0,qled,3840.0,2160.0,1,20.0,2.4,28.8,1,67.0,flipkart,2.0
604,605,redmi,0,0,13999,4.3,32.0,led,1920.0,768.0,1,20.0,1.8,16.0,1,32.0,croma,2.0
605,606,hisense,1,0,85250,4.0,75.0,qled,3840.0,2160.0,1,30.0,2.4,25.6,1,74.0,flipkart,2.0
606,607,iffalcon,0,0,19990,4.5,32.0,led,1920.0,768.0,1,16.0,1.0,16.0,1,37.0,flipkart,1.0
607,608,samsung,1,0,56990,4.35,55.0,qled,3840.0,2160.0,1,20.0,2.0,25.6,1,57.0,croma,2.0
608,609,toshiba,1,0,39599,4.75,55.0,qled,3840.0,2160.0,1,24.0,2.2,28.8,1,62.0,croma,2.0
609,610,sony,1,0,69999,4.25,65.0,led,3840.0,2160.0,1,20.0,2.2,16.0,1,62.0,flipkart,2.0
610,611,tcl,1,0,166990,4.65,65.0,qled,3840.0,2160.0,1,20.0,2.0,32.0,1,65.0,flipkart,1.0
611,612,lg,1,0,64494,4.35,65.0,led,3840.0,2160.0,1,20.0,2.0,19.2,1,55.0,croma,2.0
612,613,lg,1,0,42994,4.25,55.0,led,3840.0,2160.0,1,20.0,2.2,22.4,1,52.0,croma,2.0
613,614,tcl,1,0,121990,4.6,55.0,qled,3840.0,2160.0,1,20.0,2.0,32.0,1,58.0,flipkart,1.0
614,615,lg,1,0,169999,4.15,65.0,oled,3840.0,2160.0,1,40.0,2.8,44.8,1,81.0,flipkart,3.0
615,616,tcl,1,0,119999,4.55,75.0,qled,3840.0,2160.0,1,35.0,2.0,16.0,1,66.0,flipkart,2.0
616,617,motorola,1,0,55998,4.75,65.0,qled,3840.0,2160.0,1,20.0,2.0,16.0,1,61.0,flipkart,2.0
617,618,tcl,0,1,11990,4.55,32.0,led,1920.0,1080.0,1,24.0,1.0,19.2,1,35.0,croma,1.0
618,619,motorola,1,0,35499,4.35,55.0,miniled,3840.0,2160.0,1,20.0,2.0,16.0,1,58.0,flipkart,2.0
619,620,tcl,1,0,26199,4.3,50.0,led,3840.0,2160.0,1,20.0,2.0,16.0,1,52.0,croma,1.0
620,621,tcl,1,0,34999,4.75,55.0,qled,3840.0,2160.0,1,20.0,2.0,32.0,1,60.0,flipkart,1.0
621,622,samsung,1,0,719990,4.65,75.0,qled,7680.0,4320.0,1,70.0,1.4,19.2,1,84.0,amazon,3.0
622,623,samsung,1,0,75499,4.4,50.0,qled,3840.0,2160.0,1,40.0,2.2,28.8,1,66.0,croma,2.0
623,624,samsung,1,0,69990,4.0,65.0,led,3840.0,2160.0,1,20.0,2.0,25.6,1,57.0,flipkart,1.0
624,625,samsung,1,0,499990,4.3,77.0,oled,3840.0,2160.0,1,70.0,3.0,41.6,1,85.0,amazon,3.0
625,626,samsung,1,0,57990,4.05,65.0,led,3840.0,2160.0,1,20.0,2.0,19.2,1,55.0,croma,1.0
626,627,samsung,1,0,37999,4.55,50.0,led,3840.0,2160.0,1,20.0,2.0,19.2,1,55.0,flipkart,1.0
627,628,samsung,1,0,38499,4.15,55.0,led,3840.0,2160.0,1,20.0,2.0,22.4,1,54.0,flipkart,1.0
628,629,samsung,1,0,35018,4.05,43.0,led,3840.0,2160.0,1,20.0,2.0,19.2,1,50.0,flipkart,1.0
629,630,samsung,1,0,99990,4.75,65.0,qled,3840.0,2160.0,1,20.0,2.2,19.2,1,66.0,flipkart,2.0
630,631,samsung,1,0,99990,4.1,75.0,led,3840.0,2160.0,1,20.0,2.6,16.0,1,63.0,flipkart,2.0
631,632,samsung,1,0,50421,4.7,50.0,qled,3840.0,2160.0,1,20.0,2.0,22.4,1,56.0,flipkart,2.0
632,633,lloyd,1,0,28255,4.3,43.0,led,3840.0,2160.0,1,24.0,2.6,19.2,1,43.0,flipkart,2.0
633,634,samsung,1,0,36990,4.7,43.0,led,3840.0,2160.0,1,20.0,2.0,19.2,1,53.0,flipkart,1.0
634,635,samsung,1,0,61990,4.25,55.0,qled,3840.0,2160.0,1,20.0,2.0,19.2,1,59.0,flipkart,2.0
635,636,kodak,0,1,14499,4.75,43.0,led,1920.0,1080.0,1,30.0,2.6,19.2,1,33.0,flipkart,2.0
636,637,bpl,1,0,24999,4.15,43.0,led,3840.0,2160.0,1,20.0,2.0,22.4,1,47.0,flipkart,2.0
637,638,lg,1,0,57394,4.65,55.0,qned,3840.0,2160.0,1,20.0,2.0,19.2,1,61.0,croma,2.0
638,639,bpl,0,0,12774,4.05,32.0,led,1920.0,768.0,1,20.0,2.6,16.0,1,31.0,flipkart,2.0
639,640,samsung,0,1,22499,4.75,43.0,led,1920.0,1080.0,1,20.0,2.4,19.2,1,36.0,flipkart,1.0
640,641,foxsky,1,0,36999,4.45,65.0,led,3840.0,2160.0,1,30.0,1.8,25.6,1,42.0,flipkart,2.0
641,642,panasonic,0,1,27815,4.75,43.0,led,1920.0,1080.0,1,20.0,1.8,19.2,1,35.0,flipkart,1.0
642,643,blaupunkt,1,0,27599,4.1,55.0,led,3840.0,2160.0,1,60.0,2.0,22.4,1,45.0,croma,2.0
643,644,tcl,0,1,32192,4.75,43.0,led,3840.0,2160.0,0,24.0,3.2,19.2,1,42.0,flipkart,1.0
644,645,motorola,1,0,25499,4.45,55.0,led,3840.0,2160.0,1,20.0,2.0,16.0,1,46.0,flipkart,2.0
645,646,croma,0,1,15990,4.75,43.0,led,1920.0,1080.0,1,20.0,1.8,19.2,1,34.0,croma,2.0
646,647,haier,1,0,42890,4.4,55.0,led,3840.0,2160.0,1,20.0,2.0,32.0,1,52.0,flipkart,2.0
647,648,iffalcon,1,0,34099,4.45,55.0,qled,3840.0,2160.0,1,56.0,2.0,19.2,1,55.0,croma,1.0
648,649,hisense,1,0,499999,4.2,120.0,laser,3840.0,2160.0,1,40.0,2.2,28.8,1,67.0,amazon,2.0
649,650,xiaomi,1,0,36899,4.7,55.0,led,3840.0,2160.0,1,30.0,2.0,19.2,1,53.0,flipkart,2.0
650,651,xiaomi,1,0,26990,4.4,43.0,led,3840.0,2160.0,1,30.0,2.0,25.6,1,50.0,flipkart,2.0
651,652,xiaomi,1,0,30399,4.65,50.0,led,3840.0,2160.0,1,30.0,2.0,22.4,1,51.0,flipkart,2.0
652,653,lg,1,0,94990,4.3,48.0,oled,3840.0,2160.0,1,20.0,2.0,19.2,1,58.0,flipkart,2.0
653,654,lg,1,0,99990,4.45,55.0,oled,3840.0,2160.0,1,20.0,2.0,19.2,1,61.0,flipkart,2.0
654,655,panasonic,0,0,13490,4.05,32.0,led,1920.0,768.0,1,20.0,2.6,16.0,1,34.0,croma,2.0
655,656,panasonic,0,0,23999,4.75,32.0,led,1920.0,768.0,1,20.0,5.0,16.0,1,36.0,flipkart,2.0
656,657,onida,0,0,14294,4.3,32.0,led,1920.0,768.0,1,20.0,5.0,16.0,1,36.0,flipkart,2.0
657,658,westinghouse,0,0,8999,4.05,32.0,led,1920.0,768.0,1,36.0,1.0,16.0,1,33.0,croma,2.0
658,659,lg,1,0,64990,4.65,65.0,led,3840.0,2160.0,1,20.0,2.2,22.4,1,52.0,flipkart,2.0
659,660,lg,1,0,45080,4.7,55.0,led,3840.0,2160.0,1,20.0,2.2,19.2,1,53.0,flipkart,2.0
660,661,lg,1,0,44999,4.35,50.0,led,3840.0,2160.0,1,20.0,2.0,19.2,1,46.0,flipkart,2.0
661,662,haier,1,0,39990,4.3,50.0,led,3840.0,2160.0,1,20.0,2.0,32.0,1,51.0,croma,2.0
662,663,haier,1,0,32990,4.45,43.0,led,3840.0,2160.0,1,20.0,2.0,32.0,1,49.0,croma,2.0
663,664,kodak,0,0,9149,4.4,32.0,led,1920.0,768.0,1,30.0,1.8,16.0,1,32.0,flipkart,2.0
664,665,lg,1,0,31255,4.55,43.0,led,3840.0,2160.0,1,20.0,2.0,22.4,1,48.0,flipkart,2.0
665,666,sony,1,0,653899,4.75,77.0,oled,3840.0,2160.0,1,60.0,2.8,32.0,1,76.0,flipkart,2.0
666,667,blaupunkt,0,1,13999,4.1,40.0,led,1920.0,1080.0,1,48.0,1.0,19.2,1,38.0,flipkart,2.0
667,668,sony,1,0,74990,4.05,55.0,led,3840.0,2160.0,1,10.0,2.6,32.0,1,62.0,flipkart,2.0
668,669,sony,1,0,57990,4.35,55.0,led,3840.0,2160.0,1,20.0,2.0,25.6,1,57.0,flipkart,2.0
669,670,thomson,0,0,9149,4.75,32.0,led,1920.0,768.0,1,30.0,2.6,16.0,1,33.0,flipkart,2.0
670,671,marq,0,0,7499,4.2,32.0,led,1920.0,768.0,0,24.0,1.8,16.0,1,21.0,flipkart,2.0
671,672,panasonic,1,0,41499,4.35,55.0,led,3840.0,1665.6,0,20.0,3.2,19.2,0,55.2,flipkart,2.0
672,673,blaupunkt,0,1,13999,4.65,39.37,led,1920.0,1080.0,1,40.0,1.0,19.2,1,33.0,flipkart,2.0
673,674,samsung,1,0,40352,4.7,43.0,led,3840.0,2160.0,1,20.0,2.6,19.2,1,43.0,flipkart,2.0
674,675,xelectron,0,0,6999,4.45,32.0,led,1920.0,768.0,0,20.0,1.8,16.0,1,21.0,flipkart,2.0
675,676,samsung,1,0,54990,4.65,55.0,qled,3840.0,2160.0,1,20.0,2.0,25.6,1,50.0,flipkart,2.0
676,677,haier,0,0,20595,4.2,32.0,led,1920.0,768.0,1,10.0,1.8,16.0,1,31.0,flipkart,1.0
677,678,samsung,1,0,94990,4.2,75.0,led,3840.0,2160.0,1,20.0,2.8,22.4,1,65.0,flipkart,1.0
678,679,beethosol,0,1,17990,4.55,43.0,led,1920.0,1080.0,1,24.0,1.0,19.2,1,35.0,amazon,2.0
679,680,lloyd,1,0,29812,4.65,43.0,qled,3840.0,2160.0,1,20.0,2.0,22.4,1,46.0,flipkart,2.0
680,681,thomson,0,0,6999,4.1,24.0,led,1920.0,768.0,1,20.0,2.6,16.0,1,31.0,flipkart,2.0
681,682,samsung,0,0,18728,4.75,32.0,led,1920.0,768.0,1,20.0,1.8,16.0,1,31.0,flipkart,1.0
682,683,samsung,0,1,22490,4.45,43.0,led,1920.0,1080.0,1,20.0,1.8,19.2,1,35.0,croma,1.0
683,684,hisense,1,0,76999,4.15,65.0,qled,3840.0,2160.0,1,20.0,3.0,19.2,1,52.0,flipkart,2.0
684,685,lloyd,0,0,17590,4.55,32.0,led,1920.0,768.0,1,20.0,1.8,16.0,1,32.0,flipkart,2.0
685,686,samsung,1,0,44990,4.55,55.0,led,3840.0,2160.0,1,20.0,2.6,22.4,1,44.0,flipkart,1.0
686,687,infinix,1,0,32999,4.15,55.0,qled,3840.0,2160.0,1,36.0,2.0,22.4,1,47.0,flipkart,2.0
687,688,lg,1,0,54990,4.0,55.0,led,3840.0,2160.0,1,20.0,2.2,22.4,1,52.0,flipkart,2.0
688,689,thomson,1,0,51999,4.25,65.0,qled,3840.0,2160.0,1,40.0,2.0,22.4,1,50.0,flipkart,2.0
689,690,lg,1,0,66990,4.75,65.0,led,3840.0,2160.0,1,20.0,2.0,22.4,1,54.0,flipkart,2.0
690,691,vu,1,0,39490,4.45,55.0,led,3840.0,2160.0,1,4.0,2.0,16.0,1,64.0,amazon,2.0
691,692,lg,1,0,44990,4.0,55.0,led,3840.0,2160.0,1,20.0,2.0,19.2,1,45.0,flipkart,2.0
692,693,lg,1,0,32990,4.05,43.0,led,3840.0,2160.0,1,20.0,3.2,22.4,1,42.0,croma,2.0
693,694,lg,1,0,33999,4.0,43.0,led,3840.0,2160.0,1,20.0,5.0,19.2,1,43.0,croma,2.0
694,695,lg,1,0,43990,4.65,55.0,led,3840.0,2160.0,1,20.0,3.8,19.2,1,43.0,croma,1.0
695,696,lg,0,1,21518,4.15,32.0,led,1920.0,768.0,1,20.0,3.4,16.0,1,35.0,flipkart,1.0
696,697,infinix,0,0,7999,4.4,32.0,led,1920.0,768.0,1,20.0,2.6,16.0,1,31.0,flipkart,2.0
697,698,lg,1,0,28999,4.25,43.0,led,3840.0,2160.0,1,20.0,5.0,19.2,1,42.0,flipkart,1.0
698,699,tcl,1,0,49990,4.05,65.0,led,3840.0,2160.0,1,30.0,2.0,25.6,1,46.0,flipkart,1.0
699,700,samsung,1,0,179980,4.2,65.0,qled,7680.0,4320.0,1,60.0,1.4,19.2,1,67.0,flipkart,3.0
700,701,sony,1,0,59990,4.7,43.0,led,3840.0,2160.0,1,20.0,2.0,19.2,1,46.0,flipkart,2.0
701,702,samsung,1,0,31999,4.35,43.0,led,3840.0,2160.0,1,20.0,5.0,19.2,1,43.0,flipkart,1.0
702,703,lg,0,1,31490,4.05,32.0,led,1920.0,1080.0,1,20.0,2.4,19.2,1,37.0,flipkart,1.0
703,704,sony,1,0,74990,4.6,65.0,led,3840.0,2160.0,1,20.0,2.0,22.4,1,54.0,flipkart,2.0
704,705,lg,0,0,13790,4.15,32.0,led,1920.0,768.0,1,20.0,1.8,16.0,1,37.0,croma,1.0
705,706,xiaomi,0,0,11999,4.15,32.0,led,1920.0,768.0,1,20.0,1.0,16.0,1,34.0,flipkart,2.0
706,707,samsung,1,0,35000,4.05,43.0,led,3840.0,2160.0,1,20.0,3.2,22.4,1,42.0,amazon,2.0
707,708,samsung,1,0,114990,4.3,65.0,qled,3840.0,2160.0,1,60.0,2.0,19.2,1,62.0,flipkart,2.0
708,709,samsung,1,0,54990,4.0,55.0,qled,3840.0,2160.0,1,20.0,2.0,19.2,1,55.0,flipkart,2.0
709,710,samsung,1,0,129990,4.1,65.0,qled,3840.0,2160.0,1,60.0,2.0,19.2,1,59.0,flipkart,2.0
710,711,samsung,1,0,45990,4.25,55.0,led,3840.0,2160.0,1,20.0,2.6,22.4,1,44.0,amazon,2.0
711,712,samsung,1,0,94990,4.25,75.0,led,3840.0,2160.0,1,20.0,2.0,25.6,1,57.0,flipkart,1.0
712,713,foxsky,1,0,24999,4.25,50.0,led,3840.0,2160.0,1,30.0,1.0,25.6,1,39.0,amazon,2.0
713,714,thomson,1,0,30999,4.25,54.72,led,3840.0,2160.0,1,40.0,2.0,22.4,1,43.0,flipkart,2.0
714,715,tseries,0,0,7389,4.75,23.62,led,1920.0,768.0,0,24.8,1.0,16.0,1,20.0,flipkart,2.0
715,716,lg,1,0,69990,4.65,65.0,led,3840.0,2160.0,1,20.0,2.2,19.2,1,53.0,flipkart,2.0
716,717,lg,1,0,89990,4.6,55.0,oled,3840.0,2160.0,1,40.0,2.0,32.0,1,64.0,flipkart,2.0
717,718,foxsky,0,1,12999,4.7,43.0,led,1920.0,1080.0,1,30.0,1.0,19.2,1,36.0,flipkart,2.0
718,719,samsung,1,0,59990,4.4,55.0,qled,3840.0,2160.0,1,20.0,2.0,25.6,1,57.0,flipkart,2.0
719,720,samsung,1,0,54990,4.0,50.0,qled,3840.0,2160.0,1,20.0,2.2,19.2,1,53.0,flipkart,2.0
720,721,samsung,1,0,79990,4.05,65.0,led,3840.0,2160.0,1,20.0,2.0,19.2,1,61.0,flipkart,2.0
721,722,samsung,1,0,114990,4.75,65.0,qled,3840.0,2160.0,1,60.0,2.0,19.2,1,62.0,flipkart,2.0
722,723,samsung,1,0,74990,4.65,55.0,qled,3840.0,2160.0,1,60.0,2.0,22.4,1,56.0,flipkart,2.0
723,724,samsung,1,0,33990,4.45,43.0,led,3840.0,2160.0,1,20.0,3.8,19.2,1,43.0,flipkart,1.0
724,725,samsung,1,0,89990,4.1,75.0,led,3840.0,2160.0,1,20.0,2.0,22.4,1,56.0,flipkart,2.0
725,726,samsung,1,0,43990,4.3,55.0,led,3840.0,2160.0,1,20.0,2.0,19.2,1,46.0,flipkart,1.0
726,727,samsung,1,0,32990,4.25,43.0,led,3840.0,2160.0,1,20.0,3.8,19.2,1,43.0,flipkart,1.0
727,728,compaq,0,0,9999,4.35,32.0,led,1920.0,768.0,1,24.0,5.0,16.0,1,35.0,flipkart,2.0
728,729,lg,1,0,59999,4.75,65.0,led,3840.0,2160.0,1,20.0,2.2,22.4,1,52.0,flipkart,2.0
729,730,samsung,1,0,33990,4.35,43.0,led,3840.0,2160.0,1,20.0,2.6,19.2,1,43.0,flipkart,2.0
730,731,samsung,0,0,15212,4.15,32.0,led,1920.0,768.0,0,20.0,1.8,16.0,1,22.0,flipkart,1.0
731,732,xiaomi,1,0,38626,4.35,55.0,led,3840.0,2160.0,1,20.0,2.0,25.6,1,47.0,flipkart,2.0
732,733,samsung,0,0,22499,4.4,32.0,led,1920.0,768.0,1,10.0,1.8,16.0,1,31.0,flipkart,1.0
733,734,lg,0,1,34420,4.05,43.0,led,1920.0,1080.0,1,20.0,1.0,19.2,1,39.0,flipkart,1.0
734,735,lg,1,0,124999,4.25,75.0,led,3840.0,2160.0,1,20.0,2.0,16.0,1,59.0,flipkart,3.0
735,736,samsung,1,0,128999,4.05,55.0,qled,3840.0,2160.0,1,40.0,2.0,28.8,1,57.0,flipkart,2.0
736,737,rgl,0,1,9006,4.6,32.0,led,1920.0,1080.0,1,20.0,1.8,19.2,1,30.0,flipkart,2.0
737,738,xiaomi,0,0,12999,4.35,32.0,led,1920.0,768.0,1,20.0,1.0,16.0,1,34.0,flipkart,2.0
738,739,lg,1,0,89999,4.6,65.0,led,3840.0,2160.0,1,20.0,2.0,19.2,1,55.0,flipkart,2.0
739,740,lloyd,1,0,28599,4.45,43.0,qled,3840.0,2160.0,1,20.0,2.0,19.2,1,46.0,flipkart,2.0
740,741,ifflacon,1,0,34999,4.45,55.0,led,3840.0,2160.0,1,24.0,2.0,22.4,1,50.0,flipkart,1.0
741,742,lg,1,0,97990,4.25,75.0,led,3840.0,2160.0,1,20.0,2.8,22.4,1,66.0,croma,1.0
742,743,tcl,1,0,79990,4.75,75.0,qled,3840.0,2160.0,1,24.0,2.0,16.0,1,66.0,amazon,1.0
743,744,sansui,0,1,23990,4.2,43.0,led,1920.0,1080.0,1,20.0,4.0,19.2,1,39.0,amazon,2.0
744,745,samsung,1,0,44290,4.1,50.0,led,3840.0,2160.0,1,30.0,2.0,25.6,1,56.0,croma,1.0
745,746,samsung,1,0,240990,4.1,65.0,micro,3840.0,2160.0,1,70.0,3.0,41.6,1,80.0,croma,2.0
746,747,samsung,1,0,77590,4.55,65.0,led,3840.0,2160.0,1,30.0,2.2,28.8,1,63.0,croma,1.0
747,748,samsung,1,0,54490,4.4,43.0,qled,3840.0,2160.0,1,20.0,2.0,19.2,1,55.0,croma,2.0
748,749,samsung,1,0,62999,4.4,65.0,led,3840.0,2160.0,1,30.0,2.2,28.8,1,60.0,flipkart,1.0
749,750,samsung,1,0,37990,4.25,43.0,led,3840.0,2160.0,1,30.0,2.0,22.4,1,52.0,croma,1.0
750,751,tcl,1,0,67999,4.6,65.0,qled,3840.0,2160.0,1,35.0,3.0,32.0,1,70.0,flipkart,1.0
751,752,tseries,0,1,20099,4.75,43.0,led,1920.0,1080.0,1,20.0,2.6,19.2,1,38.0,flipkart,2.0
752,753,hisense,0,0,13999,4.7,32.0,qled,1920.0,768.0,1,26.0,3.4,16.0,1,40.0,flipkart,2.0
753,754,lg,1,0,72790,4.45,65.0,led,3840.0,2160.0,1,20.0,2.4,19.2,1,62.0,croma,1.0
754,755,lg,1,0,67999,4.15,65.0,led,3840.0,2160.0,1,20.0,2.2,25.6,1,59.0,amazon,1.0
755,756,croma,0,0,13490,4.0,32.0,led,1920.0,768.0,1,20.0,1.0,16.0,1,39.0,croma,2.0
756,757,realme,0,1,21899,4.55,43.0,led,1920.0,1080.0,1,30.0,1.0,19.2,1,42.0,flipkart,2.0
757,758,toshiba,1,0,27990,4.25,43.0,led,3840.0,2160.0,1,30.0,1.8,25.6,1,49.0,amazon,2.0
758,759,hisense,1,0,49990,4.2,65.0,led,3840.0,2160.0,1,30.0,2.0,22.4,1,56.0,amazon,2.0
759,760,samsung,1,0,96889,4.65,65.0,qled,3840.0,2160.0,1,20.0,2.4,19.2,1,68.0,amazon,2.0
760,761,toshiba,1,0,31990,4.55,50.0,led,3840.0,2160.0,1,30.0,1.8,22.4,1,51.0,amazon,3.0
761,762,samsung,1,0,86990,4.5,75.0,led,3840.0,2160.0,1,20.0,2.4,22.4,1,67.0,amazon,1.0
762,763,samsung,1,0,180990,4.5,55.0,oled,3840.0,2160.0,1,70.0,3.0,41.6,1,82.0,croma,3.0
763,764,samsung,1,0,102490,4.25,75.0,led,3840.0,2160.0,1,20.0,2.4,22.4,1,67.0,croma,1.0
764,765,samsung,1,0,107999,4.55,55.0,oled,3840.0,2160.0,1,20.0,2.4,38.4,1,75.0,flipkart,2.0
765,766,samsung,1,0,219990,4.55,65.0,oled,3840.0,2160.0,1,70.0,3.0,41.6,1,84.0,amazon,3.0
766,767,samsung,1,0,570990,4.4,100.0,qled,3840.0,2160.0,1,30.0,3.0,44.8,1,82.0,croma,2.0
767,768,samsung,1,0,124990,4.2,65.0,qled,3840.0,2160.0,1,20.0,2.2,19.2,1,66.0,croma,2.0
768,769,toshiba,0,1,24990,4.35,43.0,qled,1920.0,1080.0,1,26.0,2.8,19.2,1,45.0,amazon,2.0
769,770,hisense,1,0,35990,4.15,55.0,led,3840.0,2160.0,1,30.0,2.0,22.4,1,54.0,amazon,2.0
770,771,motorola,0,1,22499,4.3,43.0,qled,1920.0,1080.0,1,50.0,1.0,19.2,1,46.0,flipkart,2.0
771,772,croma,1,0,41990,4.65,55.0,qled,3840.0,2160.0,1,20.0,2.0,32.0,1,57.0,croma,2.0
772,773,coocaa,1,0,63999,4.35,75.0,miniled,3840.0,2160.0,1,36.0,2.0,32.0,1,69.0,amazon,2.0
773,774,akai,0,0,12980,4.4,32.0,led,1920.0,768.0,1,20.0,1.0,16.0,1,35.0,flipkart,2.0
774,775,onida,1,0,32999,4.55,55.0,qled,3840.0,2160.0,1,28.8,2.0,22.4,1,46.0,amazon,2.0
775,776,samsung,1,0,291490,4.0,98.0,qled,3840.0,2160.0,1,20.0,3.0,38.4,1,71.0,croma,1.0
776,777,bush,1,0,25499,4.0,55.0,led,3840.0,2160.0,1,20.0,2.6,19.2,1,43.0,flipkart,2.0
777,778,bush,0,1,14999,4.2,43.0,led,1920.0,1080.0,1,20.0,2.6,19.2,1,36.0,flipkart,2.0
778,779,haier,0,1,26980,4.5,43.0,led,1920.0,1080.0,1,20.0,2.0,19.2,1,39.0,flipkart,2.0
779,780,realme,1,0,97499,4.3,85.0,qled,3840.0,2160.0,1,30.0,2.0,32.0,1,72.0,flipkart,2.0
780,781,realme,1,0,44499,4.45,65.0,qled,3840.0,2160.0,1,40.0,2.0,32.0,1,59.0,flipkart,2.0
781,782,onida,1,0,27799,4.6,43.0,qled,3840.0,2160.0,1,20.0,2.0,25.6,1,50.0,flipkart,2.0
782,783,onida,1,0,26499,4.75,43.0,led,3840.0,2160.0,1,20.0,2.0,22.4,1,49.0,flipkart,1.0
783,784,onida,1,0,32499,4.35,50.0,qled,3840.0,2160.0,1,20.0,2.2,22.4,1,52.0,flipkart,2.0
784,785,realme,0,0,11199,4.6,32.0,qled,1920.0,768.0,1,20.0,1.0,16.0,1,37.0,flipkart,2.0
785,786,rgl,1,0,21986,4.45,43.0,led,3840.0,2160.0,1,30.0,1.8,25.6,1,39.0,flipkart,2.0
786,787,rgl,0,1,18987,4.55,43.0,led,1920.0,1080.0,0,30.0,2.6,19.2,1,30.0,flipkart,2.0
787,788,rgl,1,0,37006,4.75,55.0,led,3840.0,2160.0,0,30.0,1.8,25.6,1,42.0,flipkart,2.0
788,789,wobble,0,1,18999,4.5,43.0,led,1920.0,1080.0,1,30.0,2.6,19.2,1,36.0,flipkart,2.0
789,790,wobble,1,0,43999,4.35,65.0,led,3840.0,2160.0,1,36.0,2.0,16.0,1,55.0,flipkart,2.0
790,791,wobble,1,0,33999,4.4,50.0,qled,3840.0,2160.0,1,80.0,2.0,22.4,1,50.0,flipkart,2.0
791,792,wobble,1,0,37999,4.5,55.0,qled,3840.0,2160.0,1,80.0,2.0,22.4,1,51.0,flipkart,2.0
792,793,wobble,1,0,25999,4.25,43.0,qled,3840.0,2160.0,1,80.0,2.0,22.4,1,48.0,amazon,2.0
793,794,blaupunkt,0,0,9749,4.0,32.0,qled,1920.0,768.0,1,48.0,1.0,16.0,1,34.0,flipkart,2.0
794,795,thomson,0,0,9749,4.05,32.0,qled,1920.0,768.0,0,36.0,1.0,16.0,1,31.0,flipkart,2.0
795,796,motorola,1,0,43999,4.55,65.0,qled,3840.0,2160.0,1,50.0,2.0,32.0,1,61.0,flipkart,2.0
796,797,realme,1,0,31999,4.35,55.0,led,3840.0,2160.0,1,30.0,2.0,32.0,1,48.0,flipkart,2.0
797,798,motorola,1,0,32999,4.15,55.0,qled,3840.0,2160.0,1,50.0,2.0,32.0,1,59.0,flipkart,2.0
798,799,realme,1,0,42499,4.5,65.0,led,3840.0,2160.0,1,30.0,2.0,32.0,1,51.0,flipkart,2.0
799,800,haier,1,0,60490,4.3,65.0,led,3840.0,2160.0,1,20.0,2.0,32.0,1,55.0,amazon,2.0
800,801,haier,1,0,41490,4.3,55.0,led,3840.0,2160.0,1,20.0,2.0,32.0,1,51.0,amazon,2.0
801,802,croma,1,0,27990,4.55,50.0,led,3840.0,2160.0,1,20.0,2.0,16.0,1,48.0,croma,2.0
802,803,vw,1,0,29999,4.75,55.0,qled,3840.0,2160.0,1,48.0,2.0,16.0,1,52.0,flipkart,2.0
803,804,motorola,0,1,22499,4.05,43.0,qled,1920.0,1080.0,1,40.0,1.0,19.2,1,40.0,flipkart,2.0
804,805,croma,0,1,8490,4.75,32.0,led,1920.0,768.0,0,20.0,1.8,16.0,1,21.0,croma,2.0
805,806,croma,1,0,23990,4.15,43.0,led,3840.0,2160.0,0,20.0,2.0,16.0,1,43.0,croma,2.0
806,807,realme,1,0,30499,4.2,55.0,qled,3840.0,2160.0,1,30.0,1.0,25.6,1,50.0,flipkart,2.0
807,808,croma,1,0,36990,4.15,55.0,qled,3840.0,2160.0,1,20.0,2.0,25.6,1,50.0,croma,2.0
808,809,hisense,1,0,41990,4.4,55.0,led,3840.0,2160.0,1,49.0,2.0,16.0,1,55.0,flipkart,2.0
809,810,haier,1,0,105990,4.55,65.0,miniled,3840.0,2160.0,1,50.0,4.0,64.0,1,80.0,amazon,2.0
810,811,lg,1,0,78740,4.6,55.0,miniled,3840.0,2160.0,1,20.0,2.6,38.4,1,70.0,amazon,2.0
811,812,onida,1,0,24493,4.45,43.0,led,3840.0,2160.0,1,20.0,2.0,22.4,1,43.0,flipkart,2.0
812,813,vzy,1,0,27990,4.45,43.0,qled,3840.0,2160.0,0,40.0,2.0,32.0,1,49.0,flipkart,2.0
813,814,sansui,1,0,37490,4.0,55.0,led,3840.0,2160.0,1,20.0,2.0,16.0,1,50.0,flipkart,2.0
814,815,onida,1,0,47999,4.75,55.0,miniled,3840.0,2160.0,1,20.0,2.0,19.2,1,58.0,amazon,2.0
815,816,kodak,1,0,44999,4.45,65.0,qled,3840.0,2160.0,1,70.0,2.0,22.4,1,56.0,flipkart,2.0
816,817,haier,1,0,60490,4.15,65.0,led,3840.0,2160.0,1,20.0,2.0,22.4,1,47.0,flipkart,2.0
817,818,kodak,1,0,64999,4.35,75.0,qled,3840.0,2160.0,1,70.0,2.0,25.6,1,60.0,flipkart,2.0
818,819,vu,1,0,93999,4.5,75.0,qled,3840.0,2160.0,1,24.0,3.0,16.0,1,77.0,flipkart,2.0
819,820,sansui,0,1,26990,4.5,43.0,led,1920.0,1080.0,1,20.0,1.0,19.2,1,40.0,amazon,2.0
820,821,sansui,1,0,279990,4.3,100.0,qled,3840.0,2160.0,1,60.0,3.0,32.0,1,82.0,amazon,2.0
821,822,lg,0,0,15800,4.05,32.0,led,1920.0,768.0,1,10.0,1.8,16.0,1,34.0,flipkart,1.0
822,823,acer,1,0,27999,4.75,50.0,qled,3840.0,2160.0,1,36.0,2.0,16.0,1,55.0,amazon,2.0
823,824,elista,1,0,25960,4.7,43.0,led,3840.0,2160.0,1,20.0,2.0,16.0,1,43.0,flipkart,2.0
824,825,croma,0,0,58990,4.65,65.0,qled,3840.0,2160.0,1,40.0,2.0,32.0,1,59.0,croma,2.0
825,826,acer,1,0,43999,4.3,65.0,led,3840.0,2160.0,1,40.0,2.0,16.0,1,56.0,flipkart,2.0
826,827,acer,1,0,30999,4.4,55.0,led,3840.0,2160.0,1,36.0,2.0,16.0,1,54.0,amazon,2.0
827,828,wobble,1,0,20499,4.15,43.0,led,3840.0,2160.0,1,30.0,2.0,16.0,1,49.0,amazon,2.0
828,829,toshiba,1,0,249999,4.15,98.0,qled,3840.0,2160.0,1,60.0,2.4,16.0,1,80.0,amazon,2.0
829,830,metz,0,0,13999,4.1,32.0,qled,1920.0,768.0,1,20.0,3.4,16.0,1,35.0,flipkart,2.0
830,831,tcl,1,0,399990,4.4,98.0,miniled,3840.0,2160.0,1,20.0,3.0,64.0,1,82.0,croma,1.0
831,832,metz,0,1,35999,4.25,43.0,qled,1920.0,1080.0,1,20.0,1.8,19.2,1,43.0,flipkart,2.0
832,833,toshiba,1,0,77499,4.2,75.0,qled,3840.0,2160.0,1,36.0,2.4,28.8,1,66.0,amazon,2.0
833,834,motorola,1,0,62999,4.35,75.0,qled,3840.0,2160.0,1,30.0,2.0,32.0,1,61.0,flipkart,2.0
834,835,metz,1,0,24999,4.25,43.0,qled,3840.0,2160.0,1,30.0,2.0,32.0,1,55.0,flipkart,2.0
835,836,metz,1,0,55999,4.15,65.0,led,3840.0,2160.0,1,30.0,2.0,32.0,1,53.0,flipkart,2.0
836,837,metz,1,0,59999,4.35,65.0,qled,3840.0,2160.0,1,30.0,2.0,32.0,1,65.0,flipkart,2.0
837,838,metz,1,0,35999,4.3,55.0,led,3840.0,2160.0,1,30.0,1.8,32.0,1,49.0,flipkart,2.0
838,839,sansui,1,0,58490,4.05,65.0,qled,3840.0,2160.0,1,30.0,2.0,32.0,1,65.0,amazon,2.0
839,840,blaupunkt,1,0,24999,4.05,50.0,qled,3840.0,2160.0,1,48.0,2.0,16.0,1,45.0,flipkart,2.0
840,841,blaupunkt,1,0,28999,4.05,55.0,qled,3840.0,2160.0,1,48.0,2.0,16.0,1,46.0,flipkart,2.0
841,842,tcl,1,0,64999,4.65,65.0,qled,3840.0,2160.0,1,20.0,2.0,16.0,1,65.0,flipkart,2.0
842,843,tcl,1,0,99999,4.3,75.0,qled,3840.0,2160.0,1,20.0,2.0,16.0,1,67.0,flipkart,2.0
843,844,thomson,1,0,27999,4.75,55.0,qled,3840.0,2160.0,1,48.0,2.0,16.0,1,46.0,flipkart,2.0
844,845,nacson,0,1,19999,4.45,43.0,led,1920.0,1080.0,1,30.0,3.4,19.2,1,37.0,flipkart,2.0
845,846,bpl,0,0,12490,4.6,32.0,led,1920.0,768.0,1,20.0,2.6,16.0,1,31.0,flipkart,2.0
846,847,panasonic,1,0,46636,4.6,55.0,led,3840.0,2160.0,1,20.0,2.0,16.0,1,53.0,flipkart,2.0
847,848,skylive,0,0,8244,4.1,32.0,led,1920.0,768.0,1,20.0,2.6,16.0,1,31.0,flipkart,2.0
848,849,croma,1,0,29990,4.55,50.0,led,3840.0,2160.0,1,20.0,2.0,32.0,1,48.0,croma,2.0
849,850,sansui,0,0,12799,4.6,32.0,qled,1920.0,768.0,1,20.0,1.0,16.0,1,38.0,flipkart,2.0
850,851,coocaa,0,1,22999,4.65,50.0,led,1920.0,1080.0,1,20.0,2.0,19.2,1,35.0,flipkart,2.0
851,852,nacson,0,0,11999,4.2,32.0,qled,1920.0,768.0,1,30.0,3.4,16.0,1,38.0,flipkart,2.0
852,853,sansui,1,0,82990,4.1,75.0,qled,3840.0,2160.0,1,30.0,2.0,32.0,1,67.0,amazon,2.0
853,854,sansui,0,1,22490,4.35,43.0,led,1920.0,1080.0,1,20.0,1.0,19.2,1,41.0,flipkart,2.0
854,855,sansui,0,1,21990,4.25,43.0,led,1920.0,1080.0,1,20.0,2.6,19.2,1,36.0,amazon,2.0
855,856,sansui,0,1,28990,4.55,43.0,led,1920.0,1080.0,1,30.0,2.0,32.0,1,44.0,amazon,2.0
856,857,tcl,1,0,129999,4.75,75.0,qled,3840.0,2160.0,1,20.0,3.0,64.0,1,78.0,flipkart,2.0
857,858,nacson,0,0,12490,4.45,32.0,led,1920.0,768.0,1,24.0,2.6,16.0,1,31.0,flipkart,2.0
858,859,panasonic,1,0,28599,4.5,43.0,led,3840.0,2160.0,1,20.0,2.0,16.0,1,47.0,flipkart,2.0
859,860,blaupunkt,0,0,9149,4.35,32.0,qled,1920.0,768.0,1,36.0,1.0,16.0,1,33.0,flipkart,2.0
860,861,lg,1,0,524990,4.0,100.0,miniled,3840.0,2160.0,1,40.0,2.8,44.8,1,80.0,croma,2.0
861,862,sansui,0,0,12390,4.6,32.0,led,1920.0,768.0,1,20.0,2.6,16.0,1,31.0,amazon,2.0
862,863,hisense,1,0,37990,4.45,58.0,led,3840.0,2160.0,1,24.0,2.6,25.6,1,50.0,flipkart,2.0
863,864,sansui,0,0,12790,4.45,32.0,qled,1920.0,768.0,1,20.0,2.6,16.0,1,33.0,amazon,2.0
864,865,uniboom,0,0,7790,4.05,32.0,led,1920.0,768.0,0,30.0,1.8,16.0,1,21.0,amazon,2.0
865,866,innoq,0,0,7489,4.0,32.0,led,1920.0,768.0,1,30.0,1.8,16.0,1,31.0,flipkart,2.0
866,867,hisense,0,1,17818,4.3,40.0,led,1920.0,1080.0,1,20.0,1.8,19.2,1,32.0,flipkart,1.0
867,868,blaupunkt,1,0,58999,4.5,65.0,led,3840.0,2160.0,1,8.0,2.0,16.0,1,64.0,flipkart,2.0
868,869,realme,1,0,43999,4.15,65.0,qled,3840.0,2160.0,1,40.0,1.8,22.4,1,51.0,flipkart,2.0
869,870,uniboom,0,1,13990,4.5,43.0,led,1920.0,1080.0,0,30.0,2.6,19.2,0,32.0,amazon,1.8
870,871,realme,1,0,27999,4.25,50.0,qled,3840.0,2160.0,1,40.0,1.6,22.4,1,48.0,flipkart,2.0
871,872,innoq,0,0,21629,4.15,32.0,led,1920.0,768.0,0,30.0,1.8,16.0,1,25.0,flipkart,2.0
872,873,croma,0,1,20990,4.2,43.0,led,1920.0,1080.0,1,20.0,1.0,19.2,1,43.0,croma,2.0
873,874,panasonic,0,0,18490,4.4,32.0,led,1920.0,768.0,1,20.0,5.0,16.0,1,35.0,croma,2.0
874,875,croma,0,0,9990,4.3,32.0,led,1920.0,768.0,1,20.0,1.0,16.0,1,31.0,croma,2.0
875,876,realme,1,0,30999,4.25,55.0,led,3840.0,2160.0,1,30.0,2.0,25.6,1,45.0,flipkart,2.0
876,877,croma,1,0,54990,4.2,65.0,qled,3840.0,2160.0,1,20.0,2.0,32.0,1,57.0,croma,2.0
877,878,realme,1,0,28999,4.3,50.0,led,3840.0,2160.0,1,30.0,2.0,25.6,1,44.0,flipkart,2.0
878,879,vu,1,0,33999,4.3,55.0,qled,3840.0,2160.0,1,24.0,2.0,16.0,1,62.0,amazon,2.0
879,880,toshiba,1,0,39990,4.6,55.0,qled,3840.0,2160.0,1,24.0,2.0,16.0,1,56.0,amazon,2.0
880,881,lg,1,0,142999,4.2,75.0,qned,3840.0,2160.0,1,20.0,2.4,19.2,1,62.0,flipkart,1.0
881,882,kodak,0,0,7599,4.25,32.0,led,1920.0,768.0,0,30.0,1.8,16.0,1,28.0,flipkart,2.0
882,883,coocaa,1,0,35999,4.3,65.0,led,3840.0,2160.0,1,30.0,2.0,32.0,1,55.0,flipkart,2.0
883,884,tcl,1,0,149999,4.1,75.0,miniled,3840.0,2160.0,1,20.0,3.0,64.0,1,79.0,flipkart,1.0
884,885,philips,1,0,37999,4.5,55.0,qled,3840.0,2160.0,1,30.0,2.0,32.0,1,62.0,amazon,2.0
885,886,iffalcon,1,0,39999,4.25,55.0,qled,3840.0,2160.0,1,20.0,3.0,32.0,1,60.0,flipkart,1.0
886,887,nu,1,0,27499,4.1,43.0,qled,3840.0,2160.0,1,20.0,2.0,16.0,1,48.0,amazon,2.0
887,888,nu,0,0,11999,4.2,32.0,qled,1920.0,768.0,1,20.0,5.0,16.0,1,38.0,amazon,2.0
888,889,philips,0,1,22999,4.65,43.0,led,1920.0,1080.0,1,24.0,5.0,19.2,1,42.0,amazon,2.0
889,890,coocaa,1,0,32999,4.3,55.0,qled,3840.0,2160.0,1,40.0,2.0,32.0,1,58.0,amazon,2.0
890,891,coocaa,0,0,8599,4.2,32.0,led,1920.0,768.0,1,30.0,1.8,16.0,1,30.0,flipkart,1.0
891,892,lg,1,0,179990,4.2,86.0,led,3840.0,2160.0,1,20.0,2.4,19.2,1,68.0,amazon,2.0
892,893,sony,1,0,275490,4.35,75.0,miniled,3840.0,2160.0,1,20.0,3.0,57.6,1,79.0,amazon,2.0
893,894,lg,1,0,94990,4.7,65.0,qned,3840.0,2160.0,1,20.0,2.0,19.2,1,56.0,flipkart,1.0
894,895,thomson,1,0,20999,4.35,43.0,qled,3840.0,2160.0,1,50.0,2.0,16.0,1,49.0,flipkart,2.0
895,896,tcl,1,0,129999,4.45,85.0,qled,3840.0,2160.0,1,20.0,3.0,32.0,1,77.0,flipkart,1.0
896,897,haier,1,0,27999,4.15,43.0,led,3840.0,2160.0,1,16.0,2.0,16.0,1,46.0,flipkart,2.0
897,898,acerpure,0,0,54999,4.5,65.0,qled,3840.0,2160.0,1,50.0,2.0,22.4,1,64.0,amazon,2.0
898,899,lg,1,0,155999,4.4,65.0,oled,3840.0,2160.0,1,20.0,3.0,57.6,1,79.0,flipkart,2.0
899,900,tcl,1,0,229990,4.65,98.0,qled,3840.0,2160.0,1,20.0,3.0,64.0,1,80.0,amazon,1.0
900,901,blaupunkt,0,0,10999,4.05,32.0,qled,1920.0,768.0,1,48.0,1.0,16.0,1,37.0,flipkart,2.0
901,902,blaupunkt,1,0,41999,4.3,65.0,qled,3840.0,2160.0,1,70.0,2.0,16.0,1,57.0,flipkart,2.0
902,903,lg,1,0,44990,4.15,43.0,qned,3840.0,2160.0,1,20.0,2.0,22.4,1,46.0,flipkart,2.0
903,904,beston,0,0,8999,4.2,32.0,led,1920.0,768.0,1,20.0,1.8,16.0,1,32.0,flipkart,2.0
904,905,beston,1,0,26599,4.45,55.0,qled,3840.0,2160.0,1,30.0,2.0,28.8,1,48.0,flipkart,2.0
905,906,beston,0,0,9199,4.0,32.0,qled,1920.0,768.0,1,30.0,3.4,16.0,1,39.0,flipkart,2.0
906,907,beston,0,1,14199,4.4,43.0,led,1920.0,1080.0,1,20.0,2.0,19.2,1,35.0,flipkart,2.0
907,908,hisense,1,0,239999,4.1,65.0,qled,3840.0,2160.0,1,36.0,2.8,44.8,1,82.0,amazon,2.0
908,909,beston,0,1,13099,4.05,40.0,led,1920.0,1080.0,1,20.0,2.6,19.2,1,37.0,flipkart,2.0
909,910,beston,1,0,51499,4.05,75.0,qled,3840.0,2160.0,1,35.0,2.0,22.4,1,57.0,flipkart,2.0
910,911,tcl,1,0,84999,4.2,75.0,qled,3840.0,2160.0,1,20.0,3.0,32.0,1,70.0,flipkart,1.0
911,912,philips,0,1,22999,4.5,43.0,led,1920.0,1080.0,1,20.0,2.6,19.2,1,38.0,flipkart,2.0
912,913,philips,0,0,13999,4.0,32.0,led,1920.0,768.0,1,20.0,2.6,16.0,1,31.0,flipkart,2.0
913,914,tcl,1,0,74990,4.55,75.0,qled,3840.0,2160.0,1,20.0,2.0,16.0,1,64.0,flipkart,2.0
914,915,croma,1,0,27990,4.25,43.0,qled,3840.0,2160.0,1,40.0,2.0,32.0,1,56.0,croma,2.0
915,916,lg,1,0,219890,4.05,65.0,oled,3840.0,2160.0,1,60.0,3.0,32.0,1,80.0,croma,3.0
916,917,samsung,1,0,64500,4.15,65.0,led,3840.0,2160.0,1,20.0,2.0,19.2,1,56.0,flipkart,1.0
917,918,lg,1,0,65599,4.55,55.0,miniled,3840.0,2160.0,1,20.0,2.4,19.2,1,68.0,flipkart,2.0
918,919,hisense,0,0,12999,4.15,32.0,qled,1920.0,768.0,1,30.0,3.4,16.0,1,39.0,flipkart,2.0
919,920,haier,1,0,179799,4.0,75.0,miniled,3840.0,2160.0,1,60.0,3.0,32.0,1,79.0,flipkart,2.0
920,921,haier,1,0,142899,4.3,65.0,miniled,3840.0,2160.0,1,60.0,3.0,32.0,1,78.0,flipkart,2.0
921,922,tcl,1,0,74990,4.25,75.0,qled,3840.0,2160.0,1,20.0,3.0,32.0,1,72.0,amazon,1.0
922,923,tcl,1,0,79990,4.75,75.0,qled,3840.0,2160.0,1,20.0,3.0,32.0,1,71.0,amazon,1.0
923,924,tcl,1,0,62980,4.7,65.0,qled,3840.0,2160.0,1,20.0,2.8,19.2,1,66.0,flipkart,1.4
924,925,tcl,1,0,94999,4.75,75.0,miniled,3840.0,2160.0,1,20.0,2.0,16.0,1,74.0,flipkart,1.0
925,926,tcl,1,0,34990,4.35,55.0,led,3840.0,2160.0,1,20.0,2.0,16.0,1,50.0,amazon,1.0
926,927,thomson,0,0,7599,4.4,32.0,led,1920.0,768.0,0,20.0,1.8,16.0,1,21.0,flipkart,2.0
927,928,thomson,0,0,5599,4.6,24.0,led,1920.0,768.0,0,20.0,1.0,16.0,1,19.0,flipkart,2.0
928,929,haier,1,0,46990,4.6,55.0,qled,3840.0,2160.0,1,30.0,2.0,32.0,1,56.0,amazon,2.0
929,930,infinix,0,0,8999,4.6,32.0,qled,1920.0,768.0,1,16.0,1.0,16.0,1,35.0,flipkart,2.0
930,931,haier,1,0,169999,4.65,65.0,oled,3840.0,2160.0,1,50.0,3.0,32.0,1,81.0,flipkart,2.0
931,932,onida,1,0,46990,4.45,55.0,led,3840.0,2160.0,0,20.0,2.0,16.0,1,47.0,flipkart,1.0
932,933,samsung,1,0,59990,4.55,65.0,led,3840.0,2160.0,1,20.0,2.0,22.4,1,58.0,flipkart,1.0
933,934,samsung,1,0,161890,4.1,65.0,miniled,3840.0,2160.0,1,40.0,2.8,38.4,1,77.0,flipkart,2.0
934,935,xiaomi,1,0,32999,4.45,55.0,led,3840.0,2160.0,1,30.0,2.0,32.0,1,51.0,amazon,2.0
935,936,samsung,1,0,151999,4.6,65.0,oled,3840.0,2160.0,1,40.0,2.8,44.8,1,81.0,amazon,2.0
936,937,xiaomi,1,0,26499,4.15,43.0,led,3840.0,2160.0,1,30.0,2.0,19.2,1,52.0,amazon,2.0
937,938,xiaomi,0,1,21999,4.65,43.0,led,1920.0,1080.0,1,20.0,1.0,19.2,1,37.0,amazon,2.0
938,939,samsung,1,0,303390,4.65,75.0,miniled,3840.0,2160.0,1,60.0,3.0,32.0,1,80.0,croma,2.0
939,940,samsung,1,0,629900,4.75,85.0,miniled,3840.0,2160.0,1,60.0,3.0,32.0,1,82.0,flipkart,2.0
940,941,samsung,1,0,61000,4.7,50.0,qled,3840.0,2160.0,1,20.0,2.0,22.4,1,56.0,flipkart,2.0
941,942,tcl,1,0,66990,4.0,75.0,led,3840.0,2160.0,1,30.0,2.0,16.0,1,57.0,amazon,2.0
942,943,samsung,1,0,132490,4.75,75.0,qled,3840.0,2160.0,1,20.0,2.4,22.4,1,67.0,flipkart,1.0
943,944,samsung,1,0,233490,4.7,75.0,qled,3840.0,2160.0,1,40.0,2.6,32.0,1,75.0,croma,3.0
944,945,samsung,1,0,283390,4.05,85.0,qled,3840.0,2160.0,1,20.0,2.8,32.0,1,71.0,croma,2.0
945,946,tcl,1,0,49990,4.0,65.0,led,3840.0,2160.0,1,10.0,2.0,16.0,1,54.0,amazon,1.0
946,947,samsung,1,0,41990,4.1,55.0,led,3840.0,2160.0,1,20.0,2.0,22.4,1,54.0,amazon,1.0
947,948,toshiba,0,0,12990,4.5,32.0,qled,1920.0,768.0,1,30.0,3.4,16.0,1,37.0,amazon,2.0
948,949,samsung,0,0,15190,4.75,31.5,led,1920.0,768.0,1,20.0,1.0,16.0,1,37.0,flipkart,1.0
949,950,realme,1,0,22899,4.75,43.0,led,3840.0,2160.0,1,40.0,2.0,32.0,1,47.0,flipkart,2.0
950,951,thomson,1,0,41999,4.0,65.0,qled,3840.0,2160.0,1,60.0,2.0,16.0,1,55.0,flipkart,2.0
951,952,thomson,1,0,27999,4.65,50.0,qled,3840.0,2160.0,1,48.0,2.0,16.0,1,52.0,flipkart,2.0
952,953,samsung,1,0,166990,4.05,65.0,miniled,3840.0,2160.0,1,60.0,2.6,32.0,1,75.0,amazon,2.0
953,954,thomson,1,0,30999,4.4,55.0,qled,3840.0,2160.0,1,60.0,2.0,16.0,1,54.0,flipkart,2.0
954,955,tcl,1,0,54090,4.55,65.0,qled,3840.0,2160.0,1,20.0,2.0,16.0,1,60.0,flipkart,2.0
955,956,samsung,1,0,41989,4.3,50.0,led,3840.0,2160.0,1,20.0,2.0,19.2,1,53.0,flipkart,1.0
956,957,samsung,1,0,42990,4.55,50.0,led,3840.0,2160.0,1,20.0,2.0,22.4,1,54.0,flipkart,1.0
957,958,samsung,1,0,59855,4.35,43.0,qled,3840.0,2160.0,1,20.0,2.0,19.2,1,58.0,flipkart,2.0
958,959,samsung,1,0,83690,4.75,65.0,qled,3840.0,2160.0,1,20.0,2.2,22.4,1,61.0,croma,1.0
959,960,samsung,1,0,130232,4.25,65.0,qled,3840.0,2160.0,1,20.0,2.4,28.8,1,69.0,flipkart,2.0
960,961,samsung,1,0,44955,4.4,50.0,qled,3840.0,2160.0,1,20.0,2.0,19.2,1,55.0,flipkart,1.0
961,962,lumio,1,0,32999,4.4,50.0,qled,3840.0,2160.0,1,30.0,3.0,16.0,1,58.0,amazon,3.0
962,963,haier,0,0,17490,4.3,32.0,led,1920.0,768.0,1,20.0,1.8,16.0,1,37.0,croma,2.0
963,964,uniboom,0,0,5190,4.45,24.0,led,1920.0,768.0,0,30.0,1.8,16.0,1,20.0,flipkart,2.0
964,965,uniboom,0,0,6490,4.0,24.0,led,1920.0,768.0,1,30.0,1.8,16.0,1,31.0,flipkart,2.0
965,966,vu,1,0,86990,4.45,75.0,qled,3840.0,2160.0,1,24.0,3.0,16.0,1,76.0,amazon,2.0
966,967,foxsky,0,0,6399,4.6,24.0,led,1920.0,768.0,1,30.0,1.8,16.0,1,29.0,flipkart,2.0
967,968,reliance,0,1,17490,4.55,43.0,led,1920.0,1080.0,1,20.0,1.0,19.2,1,35.0,flipkart,2.0
968,969,toshiba,1,0,243999,4.5,100.0,qled,3840.0,2160.0,1,60.0,2.4,16.0,1,81.0,flipkart,2.0
969,970,lg,1,0,99990,4.0,55.0,oled,3840.0,2160.0,1,20.0,2.4,28.8,1,74.0,flipkart,2.0
970,971,hyundai,1,0,30402,4.0,50.0,led,3840.0,2160.0,1,20.0,2.0,16.0,1,44.0,flipkart,2.0
971,972,toshiba,1,0,119999,4.2,85.0,led,3840.0,2160.0,1,36.0,2.0,16.0,1,70.0,flipkart,2.0
972,973,onida,1,0,27002,4.35,43.0,qled,3840.0,2160.0,1,20.0,2.0,16.0,1,53.0,flipkart,2.0
973,974,blackdecker,1,0,34999,4.2,55.0,led,3840.0,2160.0,1,30.0,2.0,16.0,1,55.0,amazon,2.0
974,975,blackdecker,1,0,24999,4.25,43.0,led,3840.0,2160.0,1,30.0,2.0,16.0,1,52.0,amazon,2.0
975,976,reliance,0,1,19990,4.1,43.0,led,1920.0,1080.0,1,24.0,5.0,19.2,1,42.0,flipkart,2.0
976,977,reliance,0,0,13715,4.1,32.0,qled,1920.0,768.0,1,24.0,3.4,16.0,1,36.0,flipkart,2.0
977,978,reliance,0,0,13410,4.45,32.0,led,1920.0,768.0,1,24.0,5.0,16.0,1,36.0,flipkart,2.0
978,979,innoq,0,1,13990,4.05,43.0,led,1920.0,1080.0,1,30.0,2.6,19.2,1,34.0,flipkart,2.0
979,980,innoq,0,0,5090,4.55,24.0,led,1920.0,768.0,0,30.0,1.8,16.0,1,20.0,flipkart,2.0
980,981,acer,1,0,145999,4.5,85.0,qled,3840.0,2160.0,1,60.0,2.0,16.0,1,77.0,amazon,2.0
981,982,acer,1,0,100999,4.35,75.0,qled,3840.0,2160.0,1,60.0,2.0,16.0,1,73.0,amazon,2.0
982,983,aiwa,1,0,39548,4.75,55.0,qled,3840.0,2160.0,1,24.0,2.0,16.0,1,55.0,flipkart,2.0
983,984,tseries,0,0,11710,4.7,32.0,qled,1920.0,768.0,0,20.0,5.0,16.0,1,37.0,flipkart,2.0
984,985,onida,0,0,12900,4.5,32.0,led,1920.0,768.0,1,20.0,5.0,16.0,1,36.0,flipkart,2.0
985,986,haier,1,0,56299,4.1,55.0,qled,3840.0,2160.0,1,30.0,3.0,32.0,1,62.0,flipkart,2.0
986,987,acer,1,0,72999,4.1,55.0,led,3840.0,2160.0,1,36.0,2.0,16.0,1,55.0,flipkart,2.0
987,988,coocaa,0,1,29999,4.05,43.0,led,1920.0,1080.0,1,20.0,1.8,19.2,1,35.0,flipkart,1.0
988,989,sansui,0,0,12390,4.35,32.0,led,1920.0,768.0,1,20.0,2.6,16.0,1,31.0,flipkart,2.0
989,990,acerpure,1,0,45999,4.7,65.0,qled,3840.0,2160.0,1,24.0,1.8,16.0,1,55.0,flipkart,2.0
990,991,wobble,1,0,32999,4.0,55.0,led,3840.0,2160.0,1,20.0,2.0,22.4,1,48.0,amazon,2.0
991,992,wobble,1,0,28999,4.3,50.0,led,3840.0,2160.0,1,20.0,2.0,22.4,1,47.0,amazon,2.0
992,993,sony,1,0,246999,4.5,85.0,led,3840.0,2160.0,1,20.0,2.4,16.0,1,73.0,flipkart,2.0
993,994,bpl,1,0,41074,4.0,50.0,led,3840.0,2160.0,1,32.0,2.0,25.6,1,44.0,flipkart,2.0
994,995,samsung,1,0,29990,4.3,43.0,led,3840.0,2160.0,1,20.0,2.0,25.6,1,50.0,amazon,2.0
995,996,marq,0,0,5299,4.0,24.0,led,1920.0,768.0,0,20.0,1.0,16.0,1,18.0,flipkart,2.0
996,997,bazeegar,1,0,20999,4.25,43.0,qled,3840.0,2160.0,1,24.0,3.2,22.4,0,44.0,amazon,2.0
997,998,sony,1,0,143990,4.35,75.0,led,3840.0,2160.0,1,20.0,2.2,16.0,1,71.0,amazon,2.0
998,999,wobble,1,0,31999,4.0,50.0,qled,3840.0,2160.0,1,20.0,2.0,16.0,1,52.0,amazon,2.0
999,1000,skylive,0,0,15681,4.2,40.0,led,1920.0,768.0,1,20.0,2.6,16.0,1,34.0,flipkart,3.0
