index,brand,ultra_hd,full_hd,Price,Rating,inches,display_type,resolution_width,resolution_height,wifi,fast_charging,ram,rom,hdmi_port,Company,Spec_Score,usb_port
1,tcl,TRUE,FALSE,42999,4.65,55,qled,3840,2160,TRUE,20,2,16,TRUE,flipkart,58,2
2,lg,TRUE,FALSE,41999,4.55,55,led,3840,2160,TRUE,20,2,,TRUE,flipkart,55,1
3,xiaomi,TRUE,FALSE,36999,4.35,55,qled,3840,2160,TRUE,34,2,32,TRUE,amazon,55,2
4,lg,TRUE,FALSE,30999,4.4,43,led,3840,2160,TRUE,20,2,,TRUE,flipkart,52,1
5,philips,TRUE,FALSE,74999,4.05,75,qled,3840,2160,TRUE,30,2,32,TRUE,amazon,67,2
6,hisense,TRUE,FALSE,49999,4.2,55,miniled,3840,2160,TRUE,20,,,TRUE,flipkart,69,2
7,sony,TRUE,FALSE,80990,4.5,65,led,3840,2160,TRUE,20,,16,TRUE,amazon,62,2
8,croma,FALSE,FALSE,4494,4.45,32,led,,768,TRUE,20,,,TRUE,croma,31,2
9,realme,TRUE,FALSE,22499,4.2,55,qled,3840,2160,TRUE,40,2,16,TRUE,flipkart,55,2
10,xiaomi,TRUE,FALSE,44999,4.65,55,miniled,3840,2160,TRUE,20,2,32,TRUE,amazon,61,2
11,samsung,TRUE,FALSE,34490,4.55,43,miniled,3840,2160,TRUE,30,,,TRUE,flipkart,58,1
12,xiaomi,FALSE,FALSE,8999,4.5,32,led,,768,TRUE,20,5,,TRUE,croma,38,2
13,tcl,TRUE,FALSE,89990,4.4,55,miniled,3840,2160,TRUE,,,,TRUE,croma,74,
14,samsung,TRUE,FALSE,45990,4.7,55,miniled,3840,2160,TRUE,30,,,TRUE,flipkart,61,1
15,xiaomi,TRUE,FALSE,29999,4.3,43,qled,3840,2160,TRUE,30,2,32,TRUE,amazon,60,2
16,realme,TRUE,FALSE,19299,4.25,43,qled,3840,2160,TRUE,30,2,16,TRUE,flipkart,52,2
17,tcl,TRUE,FALSE,109999,4.45,65,miniled,3840,2160,TRUE,20,3,64,TRUE,flipkart,80,1
18,hisense,TRUE,FALSE,23599,4.2,43,qled,3840,2160,TRUE,20,,,TRUE,croma,63,2
19,tcl,FALSE,TRUE,10999,4.65,32,led,1920,1080,TRUE,24,5,16,TRUE,flipkart,37,1
20,samsung,TRUE,FALSE,26999,4.3,43,led,3840,2160,TRUE,20,2,,TRUE,flipkart,51,1
21,lumio,TRUE,FALSE,51999,4.7,55,miniled,3840,2160,TRUE,24,3,64,TRUE,amazon,71,3
22,motorola,TRUE,FALSE,24999,4.05,43,qled,3840,2160,TRUE,48,2,32,TRUE,flipkart,56,2
23,compaq,TRUE,FALSE,11999,4.05,43,led,3840,2160,TRUE,24,,,TRUE,flipkart,39,2
24,sony,TRUE,FALSE,261240,4.3,65,lcd,3840,2160,TRUE,20,,32,TRUE,amazon,77,2
25,tcl,TRUE,FALSE,50990,4.2,55,qled,3840,2160,TRUE,35,3,32,TRUE,amazon,71,1
26,xiaomi,TRUE,FALSE,32999,4.45,43,miniled,3840,2160,TRUE,20,2,32,TRUE,amazon,58,2
27,hisense,TRUE,FALSE,31299,4.65,55,qled,3840,2160,TRUE,20,,,TRUE,croma,66,2
28,lumio,TRUE,FALSE,29999,4,43,qled,3840,2160,TRUE,24,3,64,TRUE,amazon,60,3
29,croma,FALSE,FALSE,12990,4.35,32,qled,,768,TRUE,20,1,,TRUE,croma,40,2
30,motorola,FALSE,FALSE,11699,4.55,32,qled,,768,TRUE,40,1,,TRUE,flipkart,38,2
31,hisense,TRUE,FALSE,29999,4.75,50,qled,3840,2160,TRUE,30,,,TRUE,flipkart,63,2
32,tcl,TRUE,FALSE,45999,4,55,miniled,3840,2160,TRUE,20,2,16,TRUE,flipkart,63,1
33,lumio,TRUE,FALSE,39999,4.55,55,qled,3840,2160,TRUE,30,3,64,TRUE,amazon,63,3
34,tcl,TRUE,FALSE,32490,4.05,43,qled,3840,2160,TRUE,24,2,16,TRUE,flipkart,58,1
35,lg,TRUE,FALSE,45690,4.25,43,miniled,3840,2160,TRUE,20,,,TRUE,croma,58,1
36,samsung,TRUE,FALSE,37490,4.3,50,led,3840,2160,TRUE,30,,,TRUE,amazon,55,1
37,realme,FALSE,FALSE,11199,4.65,32,qled,,768,TRUE,20,1,,TRUE,flipkart,43,2
38,vw,FALSE,TRUE,14999,4.55,43,qled,1920,1080,TRUE,24,,,TRUE,amazon,41,1
39,hisense,TRUE,FALSE,57999,4.2,55,miniled,3840,2160,TRUE,20,,,TRUE,flipkart,69,2
40,hisense,TRUE,FALSE,76990,4.25,65,miniled,3840,2160,TRUE,20,,,TRUE,flipkart,73,2
41,tcl,TRUE,FALSE,65990,4.45,65,qled,3840,2160,TRUE,35,3,32,TRUE,amazon,74,1
42,samsung,TRUE,FALSE,44690,4.65,43,miniled,3840,2160,TRUE,30,,,TRUE,croma,57,1
43,lg,TRUE,FALSE,32999,4.45,43,led,3840,2160,TRUE,20,,,TRUE,amazon,50,1
44,lg,TRUE,FALSE,36299,4.55,43,led,3840,2160,TRUE,20,,,TRUE,croma,54,1
45,tcl,TRUE,FALSE,92990,4.4,75,qled,3840,2160,TRUE,20,,32,TRUE,croma,77,1
46,tcl,TRUE,FALSE,52990,4.45,55,qled,3840,2160,TRUE,20,3,32,TRUE,amazon,68,1
47,tcl,TRUE,FALSE,42990,4.7,55,qled,3840,2160,TRUE,20,3,32,TRUE,amazon,64,1
48,xiaomi,TRUE,FALSE,26999,4.1,43,qled,3840,2160,TRUE,30,2,32,TRUE,amazon,54,2
49,xiaomi,FALSE,FALSE,14999,4.55,32,qled,,768,TRUE,20,1,,TRUE,flipkart,40,2
50,acer,TRUE,FALSE,24999,4.25,50,qled,3840,2160,TRUE,36,,,TRUE,flipkart,57,2
51,tcl,FALSE,TRUE,15990,4.75,32,qled,1920,1080,TRUE,16,,,TRUE,croma,41,2
52,lg,TRUE,FALSE,99999,4.75,75,led,3840,2160,TRUE,20,5,,TRUE,flipkart,65,1
53,blaupunkt,FALSE,FALSE,11499,4.75,32,qled,,768,TRUE,48,1,,TRUE,flipkart,37,2
54,blaupunkt,FALSE,TRUE,15999,4.65,40,qled,1920,1080,TRUE,48,1,,TRUE,flipkart,40,2
55,lg,TRUE,FALSE,58499,4.15,55,miniled,3840,2160,TRUE,20,,,TRUE,flipkart,59,1
56,sony,TRUE,FALSE,124490,4.6,65,led,3840,2160,TRUE,20,,,TRUE,croma,72,2
57,vw,FALSE,FALSE,10999,4.5,40,qled,,768,FALSE,24,,,TRUE,amazon,26,2
58,sony,TRUE,FALSE,210890,4.35,55,lcd,3840,2160,TRUE,40,,32,TRUE,amazon,76,2
59,vw,FALSE,FALSE,7999,4.45,32,qled,,768,FALSE,24,,,TRUE,amazon,26,2
60,tcl,TRUE,FALSE,72990,4.05,75,led,3840,2160,TRUE,30,,,TRUE,flipkart,62,
61,tcl,TRUE,FALSE,249999,4.5,98,qled,3840,2160,TRUE,20,,32,TRUE,flipkart,84,1
62,hisense,TRUE,FALSE,99990,4.15,75,miniled,3840,2160,TRUE,20,,,TRUE,flipkart,77,2
63,tcl,TRUE,FALSE,86990,4.45,75,qled,3840,2160,TRUE,35,3,32,TRUE,amazon,78,1
64,tcl,TRUE,FALSE,149999,4.35,85,qled,3840,2160,TRUE,20,,32,TRUE,flipkart,81,1
65,samsung,TRUE,FALSE,659990,4.35,85,micro,3840,2160,TRUE,70,,,TRUE,flipkart,91,2
66,vw,FALSE,FALSE,5499,4.65,24,led,,768,TRUE,20,,,TRUE,flipkart,30,2
67,samsung,TRUE,FALSE,82999,4.2,55,oled,3840,2160,TRUE,20,,,TRUE,amazon,72,2
68,acerpure,TRUE,FALSE,39999,4.2,65,qled,3840,2160,TRUE,50,2,16,TRUE,flipkart,65,2
69,samsung,TRUE,FALSE,43990,4.75,55,qled,3840,2160,TRUE,20,,,TRUE,flipkart,55,1
70,xiaomi,TRUE,FALSE,27999,4.1,50,led,3840,2160,TRUE,30,2,,TRUE,flipkart,53,2
71,philips,TRUE,FALSE,26999,4.1,43,qled,3840,2160,TRUE,30,2,32,TRUE,amazon,59,2
72,vu,TRUE,FALSE,26490,4.4,43,qled,3840,2160,TRUE,88,2,16,TRUE,amazon,60,2
73,lg,TRUE,FALSE,105888,4.75,55,oled,3840,2160,TRUE,40,,,TRUE,flipkart,80,3
74,hisense,TRUE,FALSE,34999,4.6,55,qled,3840,2160,TRUE,30,,,TRUE,flipkart,64,2
75,tcl,TRUE,FALSE,54990,4.35,55,miniled,3840,2160,TRUE,20,,,TRUE,croma,66,
76,tcl,TRUE,FALSE,31999,4.45,43,qled,3840,2160,TRUE,20,2,16,TRUE,flipkart,58,1
77,tcl,TRUE,FALSE,69990,4.2,65,miniled,3840,2160,TRUE,20,3,32,TRUE,amazon,72,1
78,realme,TRUE,FALSE,25999,4.5,55,qled,3840,2160,TRUE,40,2,32,TRUE,flipkart,56,2
79,tcl,TRUE,FALSE,30990,4.15,43,qled,3840,2160,TRUE,30,2,16,TRUE,flipkart,55,2
80,xiaomi,TRUE,FALSE,41990,4.2,55,qled,3840,2160,TRUE,34,2,32,TRUE,amazon,63,2
81,tcl,FALSE,TRUE,15490,4.15,32,qled,1920,1080,TRUE,24,1,,TRUE,amazon,40,1
82,lg,FALSE,FALSE,14690,4.65,32,led,,768,TRUE,20,1,,TRUE,flipkart,37,2
83,foxsky,TRUE,FALSE,13999,4.15,43,qled,1920,1080,TRUE,30,,,TRUE,flipkart,47,2
84,xiaomi,FALSE,FALSE,10999,4.7,32,led,,768,TRUE,20,5,,TRUE,flipkart,38,2
85,tcl,TRUE,FALSE,47990,4.35,55,qled,3840,2160,TRUE,20,,16,TRUE,croma,60,2
86,tcl,TRUE,FALSE,64990,4.3,65,qled,3840,2160,TRUE,20,,16,TRUE,croma,63,2
87,samsung,TRUE,FALSE,162990,4.25,65,micro,3840,2160,TRUE,30,,,TRUE,flipkart,77,2
88,blaupunkt,FALSE,TRUE,17499,4.7,43,qled,1920,1080,TRUE,48,1,,TRUE,flipkart,38,2
89,sony,TRUE,FALSE,94990,4.6,55,led,3840,2160,TRUE,20,,,TRUE,amazon,68,2
90,motorola,TRUE,FALSE,30999,4.5,50,qled,3840,2160,TRUE,50,2,32,TRUE,flipkart,57,2
91,motorola,TRUE,FALSE,66999,4.15,75,miniled,3840,2160,TRUE,20,2,64,TRUE,flipkart,70,3
92,samsung,TRUE,FALSE,79999,4.3,65,miniled,3840,2160,TRUE,30,,,TRUE,flipkart,67,1
93,samsung,TRUE,FALSE,70690,4.6,55,miniled,3840,2160,TRUE,20,,,TRUE,croma,66,1
94,lg,TRUE,FALSE,238990,4,65,oled,3840,2160,TRUE,40,,,TRUE,croma,83,3
95,samsung,TRUE,FALSE,31490,4.35,32,led,3840,2160,TRUE,30,,,TRUE,amazon,53,1
96,vw,FALSE,TRUE,13499,4.2,40,qled,1920,1080,TRUE,24,,,TRUE,amazon,40,1
97,lg,TRUE,FALSE,49999,4.4,55,led,3840,2160,TRUE,20,,,TRUE,croma,57,1
98,lg,TRUE,FALSE,75590,4.4,55,miniled,3840,2160,TRUE,20,,,TRUE,croma,72,2
99,lg,TRUE,FALSE,67599,4.7,55,miniled,3840,2160,TRUE,20,2,16,TRUE,flipkart,68,1
100,xiaomi,TRUE,FALSE,51999,4.4,55,miniled,3840,2160,TRUE,34,2,32,TRUE,amazon,64,1
101,vw,TRUE,FALSE,21999,4.4,43,qled,3840,2160,TRUE,60,2,32,TRUE,amazon,51,2
102,iffalcon,TRUE,FALSE,49999,4.45,55,qled,3840,2160,TRUE,20,3,,TRUE,flipkart,63,2
103,kenstar,FALSE,FALSE,8499,4,32,qled,,768,TRUE,20,1,,TRUE,flipkart,36,2
104,philips,TRUE,FALSE,45999,4.7,55,miniled,3840,2160,TRUE,36,2,32,TRUE,amazon,66,2
105,vw,FALSE,FALSE,7999,4.35,32,led,,768,TRUE,20,,,TRUE,flipkart,31,2
106,coocaa,TRUE,FALSE,32999,4.6,55,miniled,3840,2160,TRUE,36,2,32,TRUE,amazon,62,2
107,samsung,TRUE,FALSE,32990,4.1,43,qled,3840,2160,TRUE,20,,,TRUE,flipkart,52,1
108,innoq,FALSE,FALSE,5095,4.6,24,led,,768,FALSE,30,,,TRUE,flipkart,19,2
109,vw,FALSE,TRUE,13099,4.75,40,qled,1920,1080,TRUE,24,,,TRUE,flipkart,40,2
110,vw,FALSE,TRUE,14199,4.35,43,led,1920,1080,TRUE,24,,,TRUE,flipkart,37,2
111,vw,FALSE,FALSE,8999,4.7,32,led,,768,TRUE,24,,,TRUE,amazon,31,2
112,vu,TRUE,FALSE,35990,4.2,55,qled,3840,2160,TRUE,88,2,16,TRUE,amazon,63,2
113,xiaomi,FALSE,FALSE,12999,4.6,32,led,,768,TRUE,20,5,,TRUE,amazon,36,2
114,blaupunkt,FALSE,TRUE,13499,4.75,40,qled,1920,1080,TRUE,48,1,,TRUE,amazon,43,2
115,hisense,TRUE,FALSE,69999,4.45,65,miniled,3840,2160,TRUE,20,,,TRUE,flipkart,73,2
116,sony,TRUE,FALSE,45990,4.3,43,led,3840,2160,TRUE,20,,,TRUE,amazon,53,2
117,sony,TRUE,FALSE,61990,4.45,55,led,3840,2160,TRUE,20,,16,TRUE,amazon,58,2
118,tcl,TRUE,FALSE,44999,4,55,qled,3840,2160,TRUE,35,3,32,TRUE,flipkart,62,1
119,samsung,FALSE,FALSE,16490,4.05,32,led,,768,FALSE,20,,,TRUE,croma,34,1
120,samsung,TRUE,FALSE,43990,4.1,55,qled,3840,2160,TRUE,20,,,TRUE,amazon,59,1
121,tcl,FALSE,TRUE,24990,4.55,43,qled,1920,1080,TRUE,20,,,TRUE,amazon,45,2
122,samsung,TRUE,FALSE,68999,4.25,55,miniled,3840,2160,TRUE,20,,,TRUE,amazon,66,2
123,samsung,TRUE,FALSE,28490,4.7,43,led,3840,2160,TRUE,20,,,TRUE,amazon,53,1
124,lg,TRUE,FALSE,25990,4.75,43,led,3840,2160,TRUE,20,,,TRUE,croma,45,2
125,toshiba,TRUE,FALSE,21999,4,43,qled,3840,2160,TRUE,24,,,TRUE,flipkart,56,2
126,tcl,TRUE,FALSE,34999,4.55,43,qled,3840,2160,TRUE,30,2,32,TRUE,flipkart,56,1
127,marq,FALSE,TRUE,12999,4.5,43,led,1920,1080,TRUE,24,,,TRUE,flipkart,32,2
128,panasonic,TRUE,FALSE,21999,4.35,43,led,3840,2160,TRUE,20,2,16,TRUE,croma,50,2
129,sony,TRUE,FALSE,34999,4.05,43,led,3840,2160,TRUE,20,,,TRUE,croma,49,1
130,samsung,FALSE,FALSE,13990,4.4,32,led,,768,TRUE,20,,,TRUE,croma,31,1
131,kodak,FALSE,TRUE,15999,4.25,40,qled,1920,1080,TRUE,40,1,,TRUE,flipkart,42,2
132,lg,TRUE,FALSE,44999,4.2,43,miniled,3840,2160,TRUE,20,,,TRUE,flipkart,55,1
133,lg,TRUE,FALSE,112990,4.6,65,miniled,3840,2160,TRUE,20,,,TRUE,croma,78,2
134,lg,TRUE,FALSE,112890,4.75,48,oled,3840,2160,TRUE,20,,,TRUE,croma,79,2
135,lg,TRUE,FALSE,436990,4.35,77,oled,3840,2160,TRUE,40,,,TRUE,croma,87,3
136,tcl,TRUE,FALSE,34990,4.35,,,,,FALSE,,,,FALSE,croma,,
137,tcl,TRUE,FALSE,38990,4.15,50,qled,3840,2160,TRUE,20,,16,TRUE,croma,58,2
138,tcl,TRUE,FALSE,54990,4.25,65,led,3840,2160,TRUE,24,,,TRUE,amazon,54,
139,tcl,TRUE,FALSE,52990,4.2,55,qled,3840,2160,TRUE,20,,32,TRUE,croma,69,1
140,tcl,TRUE,FALSE,69990,4.55,65,qled,3840,2160,TRUE,20,,32,TRUE,croma,73,1
141,tcl,TRUE,FALSE,41990,4.4,55,qled,3840,2160,TRUE,24,2,16,TRUE,amazon,59,1
142,tcl,TRUE,FALSE,32990,4.3,43,qled,3840,2160,TRUE,24,2,16,TRUE,amazon,56,1
143,samsung,TRUE,FALSE,62990,4.55,65,led,3840,2160,TRUE,30,,,TRUE,amazon,63,1
144,samsung,TRUE,FALSE,62990,4,55,miniled,3840,2160,TRUE,20,,,TRUE,croma,61,1
145,tcl,TRUE,FALSE,51999,4.65,55,qled,3840,2160,TRUE,35,3,32,TRUE,flipkart,67,1
146,motorola,TRUE,FALSE,109999,4.1,85,miniled,3840,2160,TRUE,20,2,64,TRUE,flipkart,76,3
147,realme,FALSE,TRUE,18199,4.45,40,qled,1920,1080,TRUE,26,1,,TRUE,flipkart,44,2
148,samsung,TRUE,FALSE,31490,4.3,43,led,3840,2160,TRUE,30,,,TRUE,flipkart,54,1
149,toshiba,TRUE,FALSE,39990,4.6,55,led,3840,2160,TRUE,30,,,TRUE,amazon,53,3
150,samsung,TRUE,FALSE,44990,4.2,55,led,3840,2160,TRUE,30,,,TRUE,amazon,59,1
151,croma,TRUE,FALSE,38990,4.2,55,qled,3840,2160,TRUE,24,2,32,TRUE,croma,58,2
152,lg,TRUE,FALSE,140490,4.65,55,oled,3840,2160,TRUE,20,,,TRUE,croma,80,2
153,lg,TRUE,FALSE,68490,4.55,55,miniled,3840,2160,TRUE,20,,,TRUE,croma,67,1
154,vw,TRUE,FALSE,25999,4.5,50,qled,3840,2160,TRUE,60,2,32,TRUE,amazon,54,2
155,lg,FALSE,FALSE,18390,4,32,led,,768,TRUE,10,,,TRUE,croma,36,1
156,lg,TRUE,FALSE,44190,4.2,50,led,3840,2160,TRUE,20,,,TRUE,croma,55,1
157,samsung,TRUE,FALSE,126990,4.2,55,micro,3840,2160,TRUE,30,,,TRUE,flipkart,75,2
158,lg,TRUE,FALSE,45999,4.05,55,led,3840,2160,TRUE,20,,,TRUE,amazon,55,1
159,lg,FALSE,FALSE,17690,4.55,32,led,,768,TRUE,10,,,TRUE,croma,38,1
160,lg,FALSE,FALSE,18999,4.45,32,led,,768,TRUE,10,,,TRUE,amazon,36,1
161,lg,TRUE,FALSE,96999,4.35,65,miniled,3840,2160,TRUE,20,2,16,TRUE,amazon,74,1
162,motorola,FALSE,FALSE,11699,4.75,32,qled,,768,TRUE,40,1,,TRUE,flipkart,41,2
163,motorola,TRUE,FALSE,32999,4.7,55,qled,3840,2160,TRUE,50,2,32,TRUE,flipkart,62,2
164,xiaomi,TRUE,FALSE,71999,4.7,65,miniled,3840,2160,TRUE,34,2,32,TRUE,amazon,67,1
165,acerpure,TRUE,FALSE,22999,4.7,42.52,qled,3840,2160,TRUE,40,2,32,TRUE,flipkart,56,2
166,foxsky,FALSE,TRUE,11999,4.5,40,qled,1920,1080,TRUE,30,,,TRUE,flipkart,36,2
167,xiaomi,TRUE,FALSE,75975,4.35,75,qled,3840,2160,TRUE,34,2,32,TRUE,flipkart,68,2
168,lg,TRUE,FALSE,84990,4.3,55,miniled,3840,2160,TRUE,20,,,TRUE,flipkart,67,2
169,foxsky,TRUE,FALSE,20499,4.1,43,miniled,3840,2160,FALSE,40,1,,TRUE,flipkart,45,2
170,philips,TRUE,FALSE,57999,4.7,65,miniled,3840,2160,TRUE,36,2,32,TRUE,amazon,68,2
171,vw,TRUE,FALSE,21999,4.65,43,qled,3840,2160,TRUE,48,2,16,TRUE,flipkart,50,2
172,hisense,TRUE,FALSE,27490,4.2,43,qled,3840,2160,TRUE,20,2,16,TRUE,flipkart,56,2
173,hisense,TRUE,FALSE,159999,4.75,75,miniled,3840,2160,TRUE,90,,,TRUE,amazon,84,2
174,vw,TRUE,FALSE,23799,4,55,qled,3840,2160,TRUE,40,2,16,TRUE,flipkart,50,2
175,thomson,TRUE,FALSE,32999,4.55,55,qled,3840,2160,TRUE,70,2,32,TRUE,flipkart,60,2
176,hisense,TRUE,FALSE,28990,4.2,43,qled,3840,2160,TRUE,48,,,TRUE,amazon,50,2
177,acer,TRUE,FALSE,22999,4.3,43,led,3840,2160,TRUE,30,2,16,TRUE,flipkart,51,2
178,acerpure,TRUE,FALSE,53999,4.25,75,qled,3840,2160,TRUE,50,2,16,TRUE,flipkart,67,2
179,blaupunkt,TRUE,FALSE,18499,4.1,43,qled,3840,2160,TRUE,40,2,,TRUE,flipkart,43,2
180,acerpure,TRUE,FALSE,29999,4.6,55,qled,3840,2160,TRUE,50,2,16,TRUE,flipkart,60,2
181,panasonic,FALSE,FALSE,13999,4.1,32,led,,768,TRUE,20,5,,TRUE,flipkart,35,1
182,tcl,FALSE,TRUE,29990,4.7,50,qled,1920,1080,TRUE,20,,,TRUE,amazon,47,2
183,realme,TRUE,FALSE,31499,4.05,55,qled,3840,2160,TRUE,40,,,TRUE,flipkart,48,2
184,vu,TRUE,FALSE,28599,4.75,50,qled,3840,2160,TRUE,24,2,16,TRUE,flipkart,61,2
185,xiaomi,FALSE,FALSE,13999,4.5,32,led,,768,TRUE,20,1,,TRUE,amazon,33,2
186,tcl,TRUE,FALSE,79999,4.2,55,miniled,3840,2160,TRUE,20,3,64,TRUE,flipkart,71,1
187,philips,TRUE,FALSE,34999,4.25,50,qled,3840,2160,TRUE,30,2,32,TRUE,amazon,60,2
188,tcl,TRUE,FALSE,229999,4.55,85,miniled,3840,2160,TRUE,60,3,64,TRUE,flipkart,78,2
189,xiaomi,FALSE,FALSE,12999,4.15,32,qled,,768,TRUE,20,1,,TRUE,flipkart,40,2
190,tcl,TRUE,FALSE,68656,4.65,65,miniled,3840,2160,TRUE,20,,,TRUE,flipkart,66,
191,coocaa,FALSE,FALSE,8999,4.6,32,qled,,768,TRUE,30,,,TRUE,flipkart,38,2
192,lg,TRUE,FALSE,38990,4.55,50,led,3840,2160,TRUE,20,2,,TRUE,flipkart,51,1
193,tcl,TRUE,FALSE,44999,4.05,55,miniled,3840,2160,TRUE,20,,,TRUE,flipkart,59,1
194,hisense,TRUE,FALSE,49999,4.3,65,qled,3840,2160,TRUE,30,,,TRUE,flipkart,67,2
195,hisense,TRUE,FALSE,99999,4.3,75,miniled,3840,2160,TRUE,20,,,TRUE,amazon,78,2
196,sony,TRUE,FALSE,121990,4.65,75,led,3840,2160,TRUE,20,,16,TRUE,amazon,67,2
197,hisense,TRUE,FALSE,26999,4.35,43,qled,3840,2160,TRUE,30,,,TRUE,amazon,59,2
198,tcl,TRUE,FALSE,27990,4.4,43,led,3840,2160,TRUE,10,2,16,TRUE,amazon,48,1
199,tcl,TRUE,FALSE,63999,4.75,65,miniled,3840,2160,TRUE,40,2,16,TRUE,flipkart,69,1
200,sony,TRUE,FALSE,65990,4.6,55,led,3840,2160,TRUE,20,,16,TRUE,amazon,56,2
201,motorola,TRUE,FALSE,32999,4.35,55,qled,3840,2160,TRUE,48,2,32,TRUE,flipkart,57,2
202,haier,TRUE,FALSE,66990,4.25,55,miniled,3840,2160,TRUE,50,2,32,TRUE,croma,69,2
203,motorola,TRUE,FALSE,45999,4.05,65,qled,3840,2160,TRUE,48,2,32,TRUE,flipkart,60,2
204,samsung,TRUE,FALSE,28990,4.05,43,led,3840,2160,TRUE,20,,,TRUE,flipkart,52,1
205,xiaomi,TRUE,FALSE,23999,4.4,43,led,3840,2160,TRUE,24,2,32,TRUE,amazon,48,2
206,samsung,TRUE,FALSE,198890,4.4,65,oled,3840,2160,TRUE,70,,,TRUE,croma,83,4
207,samsung,FALSE,FALSE,15989,4.5,32,led,,768,TRUE,20,,,TRUE,flipkart,37,1
208,samsung,TRUE,FALSE,102999,4.2,65,miniled,3840,2160,TRUE,20,,,TRUE,flipkart,71,2
209,xiaomi,TRUE,FALSE,36999,4.7,55,led,3840,2160,TRUE,34,2,,TRUE,amazon,55,2
210,samsung,TRUE,FALSE,104999,4.55,55,oled,3840,2160,TRUE,40,,,TRUE,flipkart,78,2
211,samsung,TRUE,FALSE,172491,4.6,65,miniled,3840,2160,TRUE,60,,,TRUE,flipkart,77,2
212,hisense,TRUE,FALSE,40999,4.55,55,qled,3840,2160,TRUE,20,,,TRUE,amazon,67,2
213,tcl,TRUE,FALSE,25900,4.5,43,led,3840,2160,TRUE,20,,,TRUE,flipkart,46,1
214,iffalcon,TRUE,FALSE,39999,4.2,65,led,3840,2160,TRUE,20,2,16,TRUE,flipkart,51,1
215,tcl,FALSE,TRUE,20990,4.05,40,qled,1920,1080,TRUE,24,1,,TRUE,amazon,42,1
216,tcl,TRUE,FALSE,40999,4.7,55,qled,3840,2160,TRUE,20,2,16,TRUE,flipkart,61,1
217,iffalcon,FALSE,TRUE,18999,4.7,40,led,1920,1080,TRUE,24,1,,TRUE,flipkart,38,1
218,samsung,TRUE,FALSE,52490,4.7,55,qled,3840,2160,TRUE,20,,,TRUE,amazon,56,1
219,samsung,TRUE,FALSE,30590,4.2,43,led,3840,2160,TRUE,20,,,TRUE,croma,50,1
220,samsung,TRUE,FALSE,39852,4.6,43,qled,3840,2160,TRUE,20,,,TRUE,flipkart,54,1
221,lumio,TRUE,FALSE,28999,4.7,43,qled,3840,2160,TRUE,24,3,16,TRUE,flipkart,57,3
222,xiaomi,TRUE,FALSE,55999,4.25,65,qled,3840,2160,TRUE,34,2,32,TRUE,amazon,67,2
223,tcl,FALSE,FALSE,14990,4,32,qled,,768,TRUE,16,,,TRUE,amazon,39,2
224,thomson,FALSE,FALSE,6799,4.3,24,led,,768,TRUE,24,,,TRUE,flipkart,31,2
225,lg,FALSE,FALSE,15990,4.1,32,led,,768,TRUE,20,1,,TRUE,croma,35,1
226,thomson,TRUE,FALSE,18999,4.1,43,qled,3840,2160,TRUE,40,2,,TRUE,flipkart,46,2
227,foxsky,TRUE,FALSE,27999,4.45,55,qled,3840,2160,TRUE,30,2,16,TRUE,amazon,62,2
228,vu,TRUE,FALSE,49990,4.15,55,qled,3840,2160,TRUE,24,3,16,TRUE,amazon,69,2
229,foxsky,FALSE,FALSE,8999,4.1,32,qled,,768,TRUE,30,,,TRUE,flipkart,39,2
230,infinix,TRUE,FALSE,19999,4.25,43,qled,3840,2160,TRUE,40,2,16,TRUE,flipkart,49,2
231,acer,TRUE,FALSE,26999,4.75,43,qled,3840,2160,TRUE,60,2,16,TRUE,amazon,57,2
232,realme,TRUE,FALSE,35999,4.15,65,led,3840,2160,TRUE,44,2,16,TRUE,flipkart,50,2
233,realme,TRUE,FALSE,28999,4.25,50,qled,3840,2160,TRUE,30,2,16,TRUE,flipkart,54,2
234,realme,TRUE,FALSE,18299,4.15,43,led,3840,2160,TRUE,30,2,16,TRUE,flipkart,45,2
235,sony,TRUE,FALSE,77990,4.6,55,led,3840,2160,TRUE,20,,16,TRUE,amazon,63,2
236,haier,TRUE,FALSE,50400,4.55,65,qled,3840,2160,TRUE,24,2,32,TRUE,flipkart,66,2
237,sony,TRUE,FALSE,149990,4.6,55,miniled,3840,2160,TRUE,40,,32,TRUE,flipkart,80,2
238,haier,TRUE,FALSE,33990,4.35,43,qled,3840,2160,TRUE,24,2,32,TRUE,flipkart,61,2
239,motorola,TRUE,FALSE,28999,4.55,50,miniled,3840,2160,TRUE,20,,16,TRUE,flipkart,55,2
240,samsung,TRUE,FALSE,25999,4.3,43,led,3840,2160,TRUE,20,,,TRUE,flipkart,49,1
241,lg,TRUE,FALSE,94990,4.1,55,oled,3840,2160,TRUE,40,,,TRUE,flipkart,72,3
242,hisense,TRUE,FALSE,21199,4.7,43,qled,3840,2160,TRUE,24,1,,TRUE,flipkart,55,2
243,panasonic,TRUE,FALSE,26299,4.55,43,led,3840,2160,TRUE,20,2,16,TRUE,croma,51,2
244,foxsky,FALSE,TRUE,8299,4.4,32,led,1920,1080,TRUE,30,,,TRUE,flipkart,31,2
245,marq,FALSE,TRUE,8999,4.6,32,led,1920,1080,TRUE,24,,,TRUE,flipkart,31,2
246,lg,TRUE,FALSE,25999,4.55,43,led,3840,2160,TRUE,20,,,TRUE,flipkart,49,2
247,xiaomi,TRUE,FALSE,29999,4.4,50,led,3840,2160,TRUE,40,2,16,TRUE,croma,54,2
248,xiaomi,TRUE,FALSE,24999,4.15,43,led,3840,2160,TRUE,30,2,16,TRUE,croma,53,2
249,blaupunkt,TRUE,FALSE,17999,4.15,49,led,3840,2160,TRUE,40,1,,TRUE,flipkart,42,2
250,samsung,TRUE,FALSE,93990,4.45,55,qled,3840,2160,TRUE,20,,,TRUE,croma,71,2
251,ifflacon,TRUE,FALSE,44999,4.45,65,led,3840,2160,TRUE,24,2,,TRUE,flipkart,52,1
252,akai,FALSE,TRUE,21490,4.05,43,led,1920,1080,FALSE,25,5,,TRUE,flipkart,38,1
253,ifflacon,TRUE,FALSE,26999,4.25,43,led,3840,2160,TRUE,24,2,,TRUE,flipkart,48,1
254,kodak,FALSE,TRUE,17999,4.05,43,qled,1920,1080,TRUE,40,1,,TRUE,flipkart,42,2
255,kodak,FALSE,FALSE,11999,4.35,32,qled,,768,TRUE,40,1,,TRUE,flipkart,38,2
256,lg,TRUE,FALSE,139999,4.1,75,miniled,3840,2160,TRUE,20,,,TRUE,flipkart,78,1
257,lg,TRUE,FALSE,303390,4,86,miniled,3840,2160,TRUE,20,,,TRUE,croma,81,2
258,sony,TRUE,FALSE,295690,4.25,85,led,3840,2160,TRUE,20,,,TRUE,croma,77,2
259,tcl,TRUE,FALSE,84990,4.5,75,qled,3840,2160,TRUE,30,,16,TRUE,croma,67,2
260,tcl,TRUE,FALSE,31990,4.15,43,led,3840,2160,TRUE,24,,,TRUE,amazon,48,
261,samsung,TRUE,FALSE,316990,4.25,75,micro,3840,2160,TRUE,30,,,TRUE,croma,82,2
262,tcl,TRUE,FALSE,39990,4.65,55,led,3840,2160,TRUE,24,,,TRUE,amazon,51,
263,tcl,TRUE,FALSE,58990,4.55,65,qled,3840,2160,TRUE,24,2,16,TRUE,amazon,62,1
264,lg,TRUE,FALSE,181490,4,55,oled,3840,2160,TRUE,40,,,TRUE,croma,81,3
265,lg,TRUE,FALSE,409990,4.75,77,oled,3840,2160,TRUE,20,,,TRUE,croma,81,2
266,samsung,TRUE,FALSE,122490,4.75,48,oled,3840,2160,TRUE,20,,,TRUE,croma,79,2
267,samsung,TRUE,FALSE,100990,4.45,55,qled,3840,2160,TRUE,30,,,TRUE,croma,72,2
268,samsung,TRUE,FALSE,54790,4.4,55,led,3840,2160,TRUE,30,,,TRUE,croma,58,1
269,samsung,TRUE,FALSE,60990,4.5,50,qled,3840,2160,TRUE,20,,,TRUE,croma,56,2
270,samsung,TRUE,FALSE,208990,4.25,85,led,3840,2160,TRUE,20,,,TRUE,croma,71,1
271,samsung,TRUE,FALSE,44990,4.4,55,led,3840,2160,TRUE,30,,,TRUE,flipkart,57,1
272,lg,TRUE,FALSE,201690,4.4,85,led,3840,2160,TRUE,20,,,TRUE,croma,70,1
273,tcl,TRUE,FALSE,89999,4.6,75,qled,3840,2160,TRUE,35,3,32,TRUE,flipkart,73,1
274,samsung,TRUE,FALSE,144999,4.3,65,oled,3840,2160,TRUE,20,,,TRUE,flipkart,77,2
275,vw,TRUE,FALSE,39999,4.45,65,qled,3840,2160,TRUE,60,2,32,TRUE,amazon,57,2
276,hisense,FALSE,TRUE,21999,4.6,43,qled,1920,1080,TRUE,26,,,TRUE,flipkart,45,2
277,motorola,TRUE,FALSE,55999,4.55,65,miniled,3840,2160,TRUE,20,2,64,TRUE,flipkart,68,3
278,croma,FALSE,FALSE,11990,4.5,32,led,,768,TRUE,20,1,,TRUE,croma,38,2
279,samsung,TRUE,FALSE,144490,4.45,55,oled,3840,2160,TRUE,20,,,TRUE,croma,80,2
280,samsung,TRUE,FALSE,103790,4.4,65,miniled,3840,2160,TRUE,20,,,TRUE,croma,73,1
281,samsung,TRUE,FALSE,153790,4.65,75,miniled,3840,2160,TRUE,20,,,TRUE,croma,74,1
282,samsung,TRUE,FALSE,102990,4.35,75,miniled,3840,2160,TRUE,20,,,TRUE,flipkart,70,1
283,lg,TRUE,FALSE,39999,4.75,50,led,3840,2160,TRUE,20,,,TRUE,amazon,52,1
284,samsung,TRUE,FALSE,70990,4.25,55,qled,3840,2160,TRUE,20,,,TRUE,amazon,63,2
285,lg,TRUE,FALSE,194990,4,65,oled,3840,2160,TRUE,20,,,TRUE,croma,78,2
286,samsung,TRUE,FALSE,50490,4.15,50,miniled,3840,2160,TRUE,20,,,TRUE,croma,59,1
287,samsung,TRUE,FALSE,88990,4,65,miniled,3840,2160,TRUE,20,,,TRUE,amazon,66,1
288,samsung,TRUE,FALSE,233390,4.2,85,miniled,3840,2160,TRUE,20,,,TRUE,croma,73,1
289,lg,TRUE,FALSE,102290,4.5,65,miniled,3840,2160,TRUE,20,,,TRUE,croma,73,1
290,samsung,TRUE,FALSE,120990,4.75,75,miniled,3840,2160,TRUE,20,,,TRUE,amazon,70,1
291,samsung,TRUE,FALSE,434990,4.65,77,oled,3840,2160,TRUE,70,,,TRUE,croma,87,3
292,reliance,FALSE,FALSE,10490,4,32,led,,768,TRUE,24,,,TRUE,flipkart,30,2
293,samsung,TRUE,FALSE,86990,4.75,55,qled,3840,2160,TRUE,20,,,TRUE,croma,59,2
294,samsung,TRUE,FALSE,189990,4.1,75,qled,3840,2160,TRUE,30,,,TRUE,croma,78,2
295,samsung,TRUE,FALSE,133490,4.75,65,qled,3840,2160,TRUE,30,,,TRUE,croma,76,2
296,lg,FALSE,FALSE,17499,4.75,32,led,,768,TRUE,10,5,,TRUE,amazon,35,1
297,samsung,TRUE,FALSE,192990,4.7,65,oled,3840,2160,TRUE,20,,,TRUE,flipkart,82,2
298,hisense,TRUE,FALSE,31990,4.5,50,led,3840,2160,TRUE,30,,,TRUE,amazon,52,2
299,hisense,TRUE,FALSE,26990,4.4,43,led,3840,2160,TRUE,30,,,TRUE,amazon,51,2
300,toshiba,FALSE,FALSE,15990,4.15,32,qled,,768,TRUE,26,,,TRUE,amazon,42,2
301,realme,TRUE,FALSE,22499,4.2,43,led,3840,2160,TRUE,30,2,32,TRUE,flipkart,46,2
302,haier,TRUE,FALSE,45990,4.6,55,led,3840,2160,TRUE,20,,,TRUE,flipkart,45,2
303,realme,FALSE,FALSE,11199,4.3,32,qled,,768,TRUE,20,1,,TRUE,flipkart,42,2
304,xiaomi,TRUE,FALSE,99999,4.3,75,miniled,3840,2160,TRUE,34,2,32,TRUE,flipkart,71,1
305,realme,TRUE,FALSE,23499,4.15,43,qled,3840,2160,TRUE,40,2,16,TRUE,flipkart,54,2
306,philips,TRUE,FALSE,89999,4.2,75,miniled,3840,2160,TRUE,36,2,32,TRUE,amazon,73,2
307,foxsky,TRUE,FALSE,64999,4.65,75,miniled,3840,2160,FALSE,40,1,,TRUE,flipkart,55,2
308,onida,TRUE,FALSE,30999,4.3,55,led,3840,2160,TRUE,,,,TRUE,amazon,43,2
309,onida,TRUE,FALSE,24499,4.25,43,qled,3840,2160,TRUE,,,,TRUE,amazon,43,2
310,bush,FALSE,FALSE,8499,4,32,qled,,768,TRUE,20,,,TRUE,flipkart,33,2
311,bush,FALSE,FALSE,8299,4.2,32,led,,768,TRUE,20,,,TRUE,flipkart,31,2
312,bush,TRUE,FALSE,19999,4.65,43,led,3840,2160,TRUE,20,,,TRUE,flipkart,40,2
313,vw,TRUE,FALSE,55199,4.15,75,qled,3840,2160,TRUE,48,2,16,TRUE,flipkart,57,2
314,lg,TRUE,FALSE,31990,4.15,43,led,3840,2160,TRUE,20,,,TRUE,flipkart,46,2
315,lg,TRUE,FALSE,189999,4.35,75,miniled,3840,2160,TRUE,20,,,TRUE,flipkart,74,2
316,uniboom,FALSE,FALSE,6990,4.7,24,led,,768,TRUE,30,,,TRUE,amazon,30,1
317,rgl,FALSE,TRUE,17987,4.25,40,led,1920,1080,TRUE,30,,,TRUE,flipkart,36,2
318,onida,TRUE,FALSE,45999,4.45,65,led,3840,2160,TRUE,20,,,TRUE,flipkart,55,1
319,onida,TRUE,FALSE,29499,4.35,50,led,3840,2160,TRUE,20,,,TRUE,flipkart,50,1
320,onida,TRUE,FALSE,32499,4.55,55,led,3840,2160,TRUE,20,,,TRUE,flipkart,52,1
321,croma,FALSE,FALSE,9990,4.15,32,led,,768,TRUE,24,1,,TRUE,croma,31,2
322,onida,TRUE,FALSE,36499,4.25,55,qled,3840,2160,TRUE,20,,,TRUE,amazon,58,2
323,wobble,TRUE,FALSE,32999,4.45,55,led,3840,2160,TRUE,36,2,16,TRUE,flipkart,52,2
324,foxsky,TRUE,FALSE,25999,4.55,50,miniled,3840,2160,FALSE,40,1,,TRUE,flipkart,47,2
325,foxsky,TRUE,FALSE,30999,4.3,55,miniled,3840,2160,FALSE,40,1,,TRUE,flipkart,48,2
326,foxsky,TRUE,FALSE,43999,4.55,65,miniled,3840,2160,FALSE,40,1,,TRUE,flipkart,51,2
327,realme,TRUE,FALSE,28999,4,50,led,3840,2160,TRUE,30,2,32,TRUE,flipkart,47,2
328,motorola,TRUE,FALSE,24599,4.3,43,qled,3840,2160,TRUE,30,2,32,TRUE,flipkart,47,2
329,elista,TRUE,FALSE,27021,4.05,50,led,3840,2160,TRUE,20,2,16,TRUE,flipkart,45,2
330,haier,FALSE,FALSE,15990,4.3,32,led,,768,TRUE,16,1,,TRUE,amazon,33,2
331,haier,TRUE,FALSE,36490,4.6,50,led,3840,2160,TRUE,20,2,32,TRUE,amazon,50,2
332,haier,TRUE,FALSE,29490,4.6,43,led,3840,2160,TRUE,20,2,32,TRUE,amazon,48,2
333,coocaa,TRUE,FALSE,45999,4.2,65,miniled,3840,2160,TRUE,36,2,32,TRUE,amazon,64,2
334,panasonic,TRUE,FALSE,48990,4.45,55,led,3840,2160,TRUE,20,2,16,TRUE,flipkart,61,2
335,hisense,TRUE,FALSE,39190,4.35,55,qled,3840,2160,TRUE,30,2,16,TRUE,flipkart,60,2
336,hisense,TRUE,FALSE,53890,4.15,65,qled,3840,2160,TRUE,30,2,16,TRUE,flipkart,63,2
337,vzy,TRUE,FALSE,27500,4.55,43,qled,3840,2160,TRUE,24,2,16,TRUE,amazon,54,2
338,kodak,TRUE,FALSE,57999,4.75,65,miniled,3840,2160,TRUE,8,,,TRUE,amazon,67,2
339,haier,TRUE,FALSE,129990,4.25,75,miniled,3840,2160,TRUE,50,4,64,TRUE,amazon,82,2
340,vzy,FALSE,FALSE,15990,4.2,32,led,,768,TRUE,20,1,,TRUE,amazon,36,2
341,panasonic,TRUE,FALSE,66980,4.65,65,led,3840,2160,TRUE,20,2,16,TRUE,flipkart,60,2
342,vzy,TRUE,FALSE,29725,4.45,43,qled,3840,2160,FALSE,40,2,16,TRUE,flipkart,55,2
343,acerpure,TRUE,FALSE,209999,4.7,100,qled,3840,2160,TRUE,60,3,32,TRUE,flipkart,80,2
344,vzy,TRUE,FALSE,38500,4.2,55,qled,3840,2160,FALSE,50,2,16,TRUE,amazon,55,2
345,onida,TRUE,FALSE,43999,4.45,50,miniled,3840,2160,TRUE,20,,,TRUE,amazon,57,2
346,toshiba,TRUE,FALSE,32990,4,50,qled,3840,2160,TRUE,24,,,TRUE,amazon,56,2
347,toshiba,TRUE,FALSE,31990,4.7,43,qled,3840,2160,TRUE,24,,,TRUE,amazon,55,2
348,acer,FALSE,FALSE,11999,4.5,32,led,,768,TRUE,,,,TRUE,amazon,33,2
349,onida,TRUE,FALSE,29499,4.45,55,led,3840,2160,TRUE,20,,,TRUE,flipkart,46,2
350,blaupunkt,TRUE,FALSE,33999,4.5,55,qled,3840,2160,TRUE,80,2,32,TRUE,flipkart,55,2
351,thomson,TRUE,FALSE,44999,4,65,qled,3840,2160,TRUE,70,2,32,TRUE,flipkart,64,2
352,blaupunkt,TRUE,FALSE,45999,4.2,65,qled,3840,2160,TRUE,80,2,32,TRUE,flipkart,58,2
353,kodak,TRUE,FALSE,32999,4.45,55,qled,3840,2160,TRUE,70,2,,TRUE,flipkart,57,2
354,thomson,TRUE,FALSE,64999,4.65,75,qled,3840,2160,TRUE,70,2,32,TRUE,flipkart,67,2
355,blaupunkt,TRUE,FALSE,65999,4.35,75,qled,3840,2160,TRUE,80,2,32,TRUE,flipkart,64,2
356,lg,TRUE,FALSE,48990,4.65,55,led,3840,2160,TRUE,20,,,TRUE,flipkart,52,1
357,acer,FALSE,FALSE,13499,4.2,32,qled,,768,TRUE,30,1,,TRUE,amazon,43,2
358,acer,TRUE,FALSE,23999,4.75,43,qled,3840,2160,TRUE,30,2,16,TRUE,flipkart,55,2
359,acer,TRUE,FALSE,33999,4.05,55,qled,3840,2160,TRUE,36,2,16,TRUE,amazon,56,2
360,philips,TRUE,FALSE,72999,4.4,75,qled,3840,2160,TRUE,50,3,16,TRUE,flipkart,67,2
361,wobble,FALSE,TRUE,15999,4.7,40,led,1920,1080,TRUE,30,5,16,TRUE,flipkart,38,2
362,wobble,FALSE,FALSE,11999,4,32,led,,768,TRUE,30,5,16,TRUE,flipkart,36,2
363,croma,TRUE,FALSE,29990,4,55,led,3840,2160,TRUE,20,,16,TRUE,croma,46,2
364,acer,FALSE,TRUE,15999,4.15,40,led,1920,1080,TRUE,26,,,TRUE,flipkart,36,2
365,acer,TRUE,FALSE,24999,4.65,50,led,3840,2160,TRUE,36,2,16,TRUE,amazon,53,2
366,acerpure,TRUE,FALSE,35999,4.25,55,qled,3840,2160,TRUE,40,2,16,TRUE,amazon,55,2
367,hisense,TRUE,FALSE,55898,4.1,65,qled,3840,2160,TRUE,48,,,TRUE,flipkart,57,2
368,hisense,TRUE,FALSE,38990,4.25,55,qled,3840,2160,TRUE,48,,,TRUE,amazon,53,2
369,metz,TRUE,FALSE,49999,4.35,55,qled,3840,2160,TRUE,30,,32,TRUE,flipkart,63,2
370,hisense,TRUE,FALSE,34990,4.2,50,qled,3840,2160,TRUE,48,,,TRUE,amazon,51,2
371,realme,TRUE,FALSE,61499,4.75,75,qled,3840,2160,TRUE,30,2,,TRUE,flipkart,56,2
372,vu,TRUE,FALSE,58499,4.15,75,qled,3840,2160,TRUE,24,2,16,TRUE,flipkart,67,2
373,blaupunkt,TRUE,FALSE,20999,4.6,43,qled,3840,2160,TRUE,50,2,,TRUE,flipkart,49,2
374,kodal,TRUE,FALSE,30999,4.65,55,qled,3840,2160,TRUE,60,2,16,TRUE,flipkart,53,2
375,thomson,TRUE,FALSE,24999,4.6,50,qled,3840,2160,TRUE,48,2,,TRUE,flipkart,45,2
376,bpl,TRUE,FALSE,24490,4.3,43,qled,3840,2160,TRUE,20,,,TRUE,flipkart,41,2
377,croma,FALSE,FALSE,15990,4.35,32,qled,,768,TRUE,40,1,,TRUE,croma,38,2
378,lg,TRUE,FALSE,243999,4.6,86,qned,3840,2160,TRUE,20,,,TRUE,flipkart,67,1
379,sony,TRUE,FALSE,66490,4.2,50,led,3840,2160,TRUE,20,,16,TRUE,amazon,55,2
380,sansui,FALSE,FALSE,13490,4.25,32,led,,768,TRUE,20,,,TRUE,flipkart,36,2
381,coocaa,TRUE,FALSE,24999,4.15,55,led,3840,2160,TRUE,20,,32,TRUE,flipkart,47,2
382,sansui,TRUE,FALSE,40490,4.65,55,qled,3840,2160,TRUE,30,2,32,TRUE,flipkart,63,2
383,sansui,TRUE,FALSE,32490,4.45,43,qled,3840,2160,TRUE,30,2,32,TRUE,amazon,55,2
384,tcl,FALSE,TRUE,14790,4.45,32,qled,,768,TRUE,20,,,TRUE,flipkart,37,2
385,tcl,TRUE,FALSE,79999,4.7,65,qled,3840,2160,TRUE,20,3,64,TRUE,flipkart,73,2
386,tcl,TRUE,FALSE,229999,4.55,85,miniled,3840,2160,TRUE,20,3,64,TRUE,flipkart,80,1
387,tcl,TRUE,FALSE,179999,4,75,miniled,3840,2160,TRUE,,3,64,TRUE,flipkart,81,2
388,croma,TRUE,FALSE,21990,4.3,43,qled,3840,2160,TRUE,20,2,32,TRUE,croma,49,2
389,kodak,TRUE,FALSE,41999,4,65,qled,3840,2160,TRUE,60,2,16,TRUE,flipkart,56,2
390,panasonic,FALSE,FALSE,16979,4.05,32,led,,768,TRUE,20,5,,TRUE,flipkart,34,2
391,tcl,TRUE,FALSE,269999,4.75,85,miniled,3840,2160,TRUE,,3,64,TRUE,flipkart,84,2
392,motorola,TRUE,FALSE,30499,4.4,50,qled,3840,2160,TRUE,48,2,32,TRUE,flipkart,54,2
393,sansui,TRUE,FALSE,36990,4.6,50,qled,3840,2160,TRUE,30,,,TRUE,amazon,54,2
394,croma,FALSE,FALSE,10994,4,32,qled,,768,TRUE,20,1,,TRUE,croma,40,2
395,blaupunkt,FALSE,TRUE,13999,4.05,40,led,1920,1080,TRUE,36,,,TRUE,flipkart,33,2
396,croma,TRUE,FALSE,19990,4.25,43,led,3840,2160,TRUE,20,2,32,TRUE,croma,45,2
397,infinix,FALSE,FALSE,10999,4.75,32,qled,,768,TRUE,20,,,TRUE,flipkart,35,2
398,coocaa,FALSE,FALSE,8599,4.6,31.5,led,,768,TRUE,20,,,TRUE,flipkart,29,2
399,reliance,FALSE,TRUE,11205,4.25,32,led,1920,1080,TRUE,24,,,TRUE,flipkart,35,3
400,innoq,FALSE,FALSE,5989,4.4,24,led,,768,TRUE,30,,,TRUE,flipkart,30,2
401,uniboom,FALSE,FALSE,5490,4.1,24,led,,768,FALSE,30,,,TRUE,amazon,19,2
402,uniboom,FALSE,TRUE,11790,4.2,40,led,1920,1080,FALSE,30,,,TRUE,amazon,31,2
403,blaupunkt,TRUE,FALSE,94999,4.35,75,led,3840,2160,TRUE,8,2,16,TRUE,flipkart,70,2
404,realme,TRUE,FALSE,42499,4.6,65,led,3840,2160,TRUE,30,2,,TRUE,flipkart,49,2
405,uniboom,FALSE,FALSE,8995,4.6,32,led,,768,TRUE,30,,,FALSE,amazon,31,
406,croma,FALSE,FALSE,10494,4.4,32,led,,768,TRUE,20,1,,TRUE,croma,36,2
407,toshiba,TRUE,FALSE,55990,4,65,qled,3840,2160,TRUE,24,,,TRUE,amazon,60,2
408,vu,TRUE,FALSE,47999,4.4,65,qled,3840,2160,TRUE,24,2,16,TRUE,amazon,66,2
409,croma,TRUE,FALSE,31990,4.3,50,qled,3840,2160,TRUE,20,2,32,TRUE,croma,53,2
410,vu,TRUE,FALSE,23990,4.15,43,qled,3840,2160,TRUE,24,2,16,TRUE,amazon,59,2
411,haier,TRUE,FALSE,26500,4.15,43,led,3840,2160,TRUE,20,2,32,TRUE,flipkart,44,2
412,realme,FALSE,FALSE,10999,4.05,32,qled,,768,TRUE,26,1,,TRUE,flipkart,36,2
413,sony,TRUE,FALSE,546690,4,98,miniled,3840,2160,TRUE,20,,,TRUE,croma,82,2
414,kenstar,TRUE,FALSE,25299,4.3,55,led,3840,2160,TRUE,24,5,,TRUE,flipkart,45,2
415,kenstar,TRUE,FALSE,21799,4,50,led,3840,2160,TRUE,24,5,,TRUE,flipkart,43,2
416,haier,TRUE,FALSE,65990,4.7,65,qled,3840,2160,TRUE,30,2,32,TRUE,croma,64,2
417,motorola,FALSE,FALSE,11699,4.35,32,qled,,768,TRUE,40,1,,TRUE,flipkart,38,2
418,iffalcon,TRUE,FALSE,69999,4.7,75,,,2160,TRUE,30,3,32,TRUE,flipkart,61,1
419,thomson,TRUE,FALSE,94999,4.25,75,miniled,3840,2160,TRUE,8,2,16,TRUE,flipkart,70,2
420,iffalcon,TRUE,FALSE,49999,4.45,65,qled,3840,2160,TRUE,20,3,32,TRUE,flipkart,63,1
421,kodak,FALSE,FALSE,9149,4.75,32,qled,,768,TRUE,36,,,TRUE,amazon,32,2
422,kodak,FALSE,TRUE,13999,4.4,40,qled,1920,1080,TRUE,36,,,TRUE,flipkart,35,2
423,kodak,FALSE,FALSE,6899,4.6,24,qled,,768,TRUE,24,,,TRUE,flipkart,31,2
424,toshiba,TRUE,FALSE,44999,4.3,65,led,3840,2160,TRUE,20,,16,TRUE,amazon,58,2
425,hisense,TRUE,FALSE,26999,4,50,led,3840,2160,TRUE,30,,,TRUE,amazon,48,2
426,xiaomi,TRUE,FALSE,23999,4.4,43,led,3840,2160,TRUE,24,2,,TRUE,flipkart,45,2
427,toshiba,FALSE,TRUE,19999,4.25,40,led,1920,1080,TRUE,20,,,TRUE,flipkart,38,2
428,philips,TRUE,FALSE,55999,4.75,65,qled,3840,2160,TRUE,30,2,32,TRUE,amazon,65,2
429,toshiba,FALSE,FALSE,13990,4.7,32,led,,768,TRUE,20,,,TRUE,amazon,35,2
430,nu,TRUE,FALSE,24999,4.55,43,led,3840,2160,TRUE,20,,,TRUE,flipkart,45,2
431,nu,TRUE,FALSE,34999,4.55,55,led,3840,2160,TRUE,20,,,TRUE,flipkart,48,2
432,nu,FALSE,TRUE,19999,4,43,led,1920,1080,TRUE,24,5,,TRUE,amazon,41,2
433,croma,TRUE,FALSE,52990,4.5,65,led,3840,2160,TRUE,20,2,32,TRUE,croma,56,2
434,philips,FALSE,TRUE,13499,4,32,led,,768,TRUE,24,5,,TRUE,amazon,39,2
435,coocaa,TRUE,FALSE,40999,4.25,65,qled,3840,2160,TRUE,40,2,32,TRUE,amazon,61,2
436,coocaa,TRUE,FALSE,26999,4.6,43,qled,3840,2160,TRUE,40,2,32,TRUE,amazon,56,2
437,sony,TRUE,FALSE,169390,4.2,65,miniled,3840,2160,TRUE,20,,,TRUE,croma,77,2
438,lg,TRUE,FALSE,164999,4.1,55,oled,3840,2160,TRUE,60,,,TRUE,flipkart,79,3
439,philips,TRUE,FALSE,41999,4.3,55,qled,3840,2160,TRUE,50,,16,TRUE,amazon,58,2
440,lg,TRUE,FALSE,74590,4.65,65,led,3840,2160,TRUE,20,,,TRUE,croma,57,2
441,xiaomi,TRUE,FALSE,36999,4.45,55,qled,3840,2160,TRUE,34,2,32,TRUE,flipkart,55,2
442,haier,TRUE,FALSE,104999,4.55,55,oled,3840,2160,TRUE,50,3,32,TRUE,flipkart,78,2
443,sony,TRUE,FALSE,367640,4.65,85,miniled,3840,2160,TRUE,20,,,TRUE,amazon,81,2
444,sony,TRUE,FALSE,139890,4.7,55,miniled,3840,2160,TRUE,20,,,TRUE,croma,75,2
445,kodak,TRUE,FALSE,18999,4.3,43,qled,3840,2160,TRUE,40,2,,TRUE,amazon,44,2
446,sony,TRUE,FALSE,156990,4,65,miniled,3840,2160,TRUE,20,,,TRUE,amazon,76,2
447,vu,TRUE,FALSE,63990,4.7,75,qled,3840,2160,TRUE,88,2,16,TRUE,amazon,68,2
448,vu,TRUE,FALSE,37495,4.4,50,qled,3840,2160,TRUE,88,2,16,TRUE,flipkart,62,2
449,haier,FALSE,FALSE,14599,4.3,32,led,,768,TRUE,16,,,TRUE,flipkart,31,2
450,vu,TRUE,FALSE,49990,4.55,65,qled,3840,2160,TRUE,88,2,16,TRUE,amazon,66,2
451,sony,TRUE,FALSE,241790,4,55,oled,3840,2160,TRUE,30,,32,TRUE,amazon,83,2
452,sony,TRUE,FALSE,129990,4.65,55,miniled,3840,2160,TRUE,20,,,TRUE,amazon,74,2
453,sony,TRUE,FALSE,332490,4.05,65,oled,3840,2160,TRUE,30,,32,TRUE,amazon,85,2
454,coocaa,FALSE,TRUE,15499,4.4,43,led,1920,1080,TRUE,30,,,TRUE,flipkart,33,1
455,sony,TRUE,FALSE,64590,4.55,50,led,3840,2160,TRUE,20,,16,TRUE,amazon,55,2
456,blaupunkt,TRUE,FALSE,30999,4.75,55,qled,3840,2160,TRUE,70,2,16,TRUE,flipkart,54,2
457,blaupunkt,TRUE,FALSE,27999,4.3,50,qled,3840,2160,TRUE,50,2,16,TRUE,flipkart,53,2
458,haier,FALSE,TRUE,18999,4.2,32,qled,1920,1080,FALSE,20,5,,TRUE,croma,37,2
459,hisense,TRUE,FALSE,269999,4.05,100,miniled,3840,2160,TRUE,30,,,TRUE,flipkart,84,2
460,hisense,TRUE,FALSE,149999,4.05,85,miniled,3840,2160,TRUE,30,,,TRUE,flipkart,82,2
461,hisense,TRUE,FALSE,69999,4.1,75,qled,3840,2160,TRUE,30,,,TRUE,amazon,71,2
462,lg,TRUE,FALSE,99990,4.05,75,led,3840,2160,TRUE,20,,,TRUE,croma,65,2
463,hisense,TRUE,FALSE,119999,4.1,85,qled,3840,2160,TRUE,30,,,TRUE,amazon,79,2
464,beston,TRUE,FALSE,36399,4.25,65,qled,3840,2160,TRUE,35,,,TRUE,flipkart,55,2
465,sony,TRUE,FALSE,60990,4,50,led,3840,2160,TRUE,20,,,TRUE,amazon,55,2
466,tcl,TRUE,FALSE,106991,4.25,75,miniled,3840,2160,TRUE,20,,,TRUE,flipkart,76,
467,samsung,TRUE,FALSE,84990,4.75,75,led,3840,2160,TRUE,20,,,TRUE,amazon,60,1
468,tcl,TRUE,FALSE,99990,4.5,75,miniled,3840,2160,TRUE,20,3,32,TRUE,amazon,76,1
469,lg,TRUE,FALSE,179990,4.25,65,oled,3840,2160,TRUE,40,,,TRUE,flipkart,78,3
470,lg,TRUE,FALSE,412290,4.35,77,oled,3840,2160,TRUE,60,,,TRUE,croma,81,3
471,sony,TRUE,FALSE,50190,4.35,43,led,3840,2160,TRUE,20,,16,TRUE,amazon,51,2
472,lg,FALSE,FALSE,13599,4,32,led,,768,TRUE,20,,,TRUE,croma,34,1
473,reliance,TRUE,FALSE,34307,4.7,55,led,3840,2160,TRUE,24,2,16,TRUE,flipkart,45,2
474,tcl,TRUE,FALSE,129990,4.5,85,qled,3840,2160,TRUE,20,3,32,TRUE,amazon,80,2
475,toshiba,TRUE,FALSE,79999,4.15,75,qled,3840,2160,TRUE,30,,16,TRUE,flipkart,72,2
476,toshiba,TRUE,FALSE,56999,4.05,65,qled,3840,2160,TRUE,20,,16,TRUE,amazon,68,2
477,toshiba,TRUE,FALSE,139999,4.3,85,qled,3840,2160,TRUE,50,,16,TRUE,flipkart,79,2
478,toshiba,TRUE,FALSE,41990,4.5,55,qled,3840,2160,TRUE,20,,16,TRUE,amazon,65,2
479,lg,TRUE,FALSE,384190,4.45,77,oled,3840,2160,TRUE,40,,,TRUE,croma,82,3
480,sony,TRUE,FALSE,125790,4,75,led,3840,2160,TRUE,20,,16,TRUE,croma,64,2
481,sony,TRUE,FALSE,86480,4,65,led,3840,2160,TRUE,20,,16,TRUE,amazon,59,2
482,tcl,TRUE,FALSE,49990,4.15,65,led,3840,2160,TRUE,20,,,TRUE,croma,52,1
483,reliance,FALSE,FALSE,11930,4.5,32,led,,768,TRUE,20,5,,TRUE,flipkart,34,2
484,tcl,TRUE,FALSE,34990,4.35,50,led,3840,2160,TRUE,10,2,16,TRUE,croma,51,1
485,tcl,TRUE,FALSE,59999,4.35,65,qled,3840,2160,TRUE,36,3,32,TRUE,flipkart,66,1
486,tcl,TRUE,FALSE,74990,4.75,75,qled,3840,2160,TRUE,30,2,16,TRUE,amazon,67,1
487,samsung,FALSE,TRUE,23750,4.75,43,led,1920,1080,TRUE,20,1,,TRUE,amazon,41,1
488,sony,TRUE,FALSE,50990,4.15,43,led,3840,2160,TRUE,20,,16,TRUE,amazon,52,2
489,lg,TRUE,FALSE,132990,4.7,75,miniled,3840,2160,TRUE,20,,,TRUE,croma,78,2
490,haier,TRUE,FALSE,49090,4.45,55,qled,3840,2160,TRUE,30,2,32,TRUE,croma,60,2
491,realme,TRUE,FALSE,23999,4.55,43,qled,3840,2160,TRUE,40,2,32,TRUE,flipkart,51,2
492,iffalcon,TRUE,FALSE,29999,4.7,50,led,3840,2160,TRUE,20,2,16,TRUE,flipkart,48,1
493,haier,TRUE,FALSE,63490,4.5,65,qled,3840,2160,TRUE,30,2,32,TRUE,amazon,59,2
494,samsung,TRUE,FALSE,41490,4.1,55,led,3840,2160,TRUE,20,,,TRUE,flipkart,54,1
495,croma,TRUE,FALSE,23990,4.25,43,led,3840,2160,TRUE,20,2,32,TRUE,croma,46,2
496,samsung,FALSE,FALSE,17498,4.6,32,led,,768,FALSE,20,,,TRUE,flipkart,33,1
497,haier,TRUE,FALSE,89999,4.5,55,miniled,3840,2160,TRUE,34,3,32,TRUE,flipkart,73,2
498,haier,TRUE,FALSE,34590,4,43,qled,3840,2160,TRUE,24,2,32,TRUE,amazon,53,2
499,samsung,TRUE,FALSE,39999,4.65,50,led,3840,2160,TRUE,20,,,TRUE,flipkart,53,1
500,samsung,TRUE,FALSE,91990,4.7,75,led,3840,2160,TRUE,20,,,TRUE,croma,62,1
501,samsung,TRUE,FALSE,94999,4,55,miniled,3840,2160,TRUE,40,,,TRUE,flipkart,70,2
502,samsung,TRUE,FALSE,315694,4.55,77,oled,3840,2160,TRUE,40,,,TRUE,croma,85,2
503,samsung,FALSE,TRUE,25990,4.75,43,led,1920,1080,FALSE,20,,,TRUE,amazon,39,1
504,samsung,TRUE,FALSE,46475,4.25,43,qled,3840,2160,TRUE,20,,,TRUE,flipkart,55,2
505,samsung,TRUE,FALSE,534490,4.1,75,miniled,7680,4320,TRUE,70,,,TRUE,flipkart,83,2
506,samsung,TRUE,FALSE,137590,4.65,55,miniled,3840,2160,TRUE,60,,,TRUE,flipkart,75,2
507,samsung,TRUE,FALSE,405594,4.5,83,oled,3840,2160,TRUE,40,,,TRUE,croma,87,2
508,samsung,TRUE,FALSE,94555,4.65,75,led,3840,2160,TRUE,20,,,TRUE,flipkart,63,1
509,samsung,TRUE,FALSE,88990,4.15,75,led,3840,2160,TRUE,20,,,TRUE,flipkart,63,1
510,samsung,TRUE,FALSE,61990,4.05,55,qled,3840,2160,TRUE,20,,,TRUE,croma,58,2
511,samsung,TRUE,FALSE,146999,4.45,75,qled,3840,2160,TRUE,20,,,TRUE,flipkart,67,2
512,lg,FALSE,FALSE,16540,4.25,32,led,,768,TRUE,20,,,TRUE,croma,34,1
513,samsung,TRUE,FALSE,87703,4.5,65,qled,3840,2160,TRUE,20,,,TRUE,flipkart,62,2
514,tcl,TRUE,FALSE,57990,4.65,65,qled,3840,2160,TRUE,20,3,32,TRUE,amazon,66,2
515,samsung,TRUE,FALSE,59990,4.05,65,led,3840,2160,TRUE,20,,,TRUE,flipkart,60,1
516,tcl,TRUE,FALSE,34900,4.3,55,led,3840,2160,TRUE,20,,,TRUE,flipkart,49,1
517,tcl,TRUE,FALSE,56990,4.25,65,qled,3840,2160,TRUE,20,2,16,TRUE,amazon,65,1
518,samsung,TRUE,FALSE,242390,4.75,65,miniled,7680,4320,TRUE,70,,,TRUE,flipkart,80,2
519,iffalcon,TRUE,FALSE,24999,4.1,43,led,3840,2160,TRUE,20,2,16,TRUE,flipkart,45,1
520,iffalcon,TRUE,FALSE,32999,4.3,55,led,3840,2160,TRUE,20,2,16,TRUE,flipkart,48,1
521,samsung,TRUE,FALSE,64190,4.55,65,led,3840,2160,TRUE,20,,,TRUE,flipkart,58,1
522,samsung,TRUE,FALSE,46290,4.45,55,led,3840,2160,TRUE,20,,,TRUE,croma,54,1
523,samsung,TRUE,FALSE,32549,4.15,43,led,3840,2160,TRUE,20,,,TRUE,flipkart,51,1
524,samsung,TRUE,FALSE,45199,4.2,55,led,3840,2160,TRUE,20,,,TRUE,flipkart,55,1
525,samsung,TRUE,FALSE,48590,4.65,55,led,3840,2160,TRUE,20,,,TRUE,flipkart,55,1
526,samsung,TRUE,FALSE,79490,4.5,55,qled,3840,2160,TRUE,20,,,TRUE,flipkart,64,2
527,samsung,TRUE,FALSE,77839,4.75,65,led,3840,2160,TRUE,20,,,TRUE,flipkart,58,1
528,samsung,TRUE,FALSE,66233,4.35,50,qled,3840,2160,TRUE,20,,,TRUE,flipkart,61,2
529,samsung,TRUE,FALSE,51000,4.6,50,led,3840,2160,TRUE,20,,,TRUE,flipkart,54,1
530,samsung,TRUE,FALSE,36570,4.1,43,led,3840,2160,TRUE,20,,,TRUE,flipkart,51,1
531,lumio,TRUE,FALSE,54999,4.7,55,miniled,3840,2160,TRUE,24,3,32,TRUE,amazon,66,2
532,vw,TRUE,FALSE,55199,4.6,75,qled,3840,2160,TRUE,48,2,32,TRUE,amazon,66,2
533,lumio,TRUE,FALSE,37999,4.25,55,qled,3840,2160,TRUE,30,3,16,TRUE,amazon,60,3
534,samsung,TRUE,FALSE,31490,4.05,43,led,3840,2160,TRUE,20,,,TRUE,amazon,52,1
535,samsung,TRUE,FALSE,74990,4.25,65,qled,3840,2160,TRUE,20,,,TRUE,amazon,63,1
536,samsung,TRUE,FALSE,40990,4.5,55,led,3840,2160,TRUE,20,,,TRUE,amazon,56,1
537,samsung,TRUE,FALSE,38990,4.35,50,led,3840,2160,TRUE,20,,,TRUE,amazon,55,1
538,samsung,TRUE,FALSE,35990,4.65,43,qled,3840,2160,TRUE,20,,,TRUE,croma,55,1
539,acer,TRUE,FALSE,51999,4.6,43,qled,3840,2160,TRUE,30,2,16,TRUE,flipkart,55,2
540,tcl,FALSE,FALSE,14990,4,32,qled,,768,TRUE,16,1,,TRUE,amazon,38,1
541,iffalcon,FALSE,FALSE,13999,4.4,32,led,,768,TRUE,16,1,,TRUE,flipkart,35,1
542,thomson,FALSE,TRUE,13999,4.3,40,led,1920,1080,TRUE,36,,,TRUE,flipkart,35,2
543,thomson,FALSE,FALSE,9149,4,32,led,,768,TRUE,36,,,TRUE,flipkart,31,2
544,uniboom,FALSE,TRUE,13990,4.05,43,led,1920,1080,TRUE,30,,,TRUE,flipkart,35,2
545,uniboom,FALSE,FALSE,7090,4.7,32,led,,768,FALSE,30,,,TRUE,flipkart,21,2
546,infinix,FALSE,TRUE,13499,4.25,40,qled,1920,1080,TRUE,16,,,TRUE,flipkart,36,2
547,croma,TRUE,FALSE,35990,4.05,55,led,3840,2160,TRUE,20,2,,TRUE,croma,47,2
548,onida,TRUE,FALSE,22872,4,43,led,3840,2160,TRUE,20,,,TRUE,flipkart,43,1
549,lg,FALSE,FALSE,20035,4.6,32,led,,768,TRUE,20,,,TRUE,flipkart,38,1
550,onida,FALSE,FALSE,12999,4.55,32,qled,,768,TRUE,20,5,,TRUE,flipkart,40,2
551,toshiba,TRUE,FALSE,49999,4.75,65,qled,3840,2160,TRUE,49,,16,TRUE,flipkart,66,2
552,toshiba,TRUE,FALSE,37999,4.55,55,qled,3840,2160,TRUE,49,,16,TRUE,flipkart,63,2
553,tcl,TRUE,FALSE,2699999,4.65,115,miniled,3840,2160,TRUE,20,3,64,TRUE,flipkart,92,3
554,blackdecker,TRUE,FALSE,29999,4.05,50,led,3840,2160,TRUE,30,2,16,TRUE,amazon,54,2
555,lloyd,FALSE,TRUE,22849,4.2,43,led,1920,1080,TRUE,20,,,TRUE,flipkart,37,2
556,croma,FALSE,FALSE,8994,4.55,32,led,,768,TRUE,20,5,,TRUE,croma,35,2
557,reliance,TRUE,FALSE,22990,4,43,led,3840,2160,TRUE,24,2,,TRUE,flipkart,43,2
558,infinix,TRUE,FALSE,26999,4.1,55,qled,3840,2160,TRUE,40,2,16,TRUE,flipkart,55,2
559,acer,TRUE,FALSE,71039,4.75,65,qled,3840,2160,TRUE,60,2,16,TRUE,flipkart,69,2
560,acer,TRUE,FALSE,99999,4.35,75,qled,3840,2160,TRUE,60,3,32,TRUE,amazon,76,2
561,foxsky,TRUE,FALSE,41999,4.35,65,qled,3840,2160,TRUE,30,2,16,TRUE,amazon,66,2
562,foxsky,TRUE,FALSE,69999,4.5,75,qled,3840,2160,TRUE,30,2,16,TRUE,amazon,70,2
563,reliance,TRUE,FALSE,29910,4.7,55,qled,3840,2160,TRUE,24,5,,TRUE,flipkart,51,2
564,vu,TRUE,FALSE,65490,4.65,65,qled,3840,2160,TRUE,24,3,16,TRUE,amazon,74,2
565,foxsky,TRUE,FALSE,24999,4.55,50,qled,3840,2160,TRUE,30,,,TRUE,flipkart,55,2
566,foxsky,TRUE,FALSE,27999,4.45,55,qled,3840,2160,TRUE,30,,,TRUE,flipkart,55,2
567,samsung,TRUE,FALSE,74990,4.6,55,qled,3840,2160,TRUE,20,,,TRUE,amazon,67,2
568,hisense,FALSE,TRUE,24990,4.5,43,led,1920,1080,TRUE,30,,,TRUE,flipkart,41,2
569,acer,FALSE,FALSE,15399,4.3,32,qled,,768,TRUE,30,5,16,TRUE,flipkart,41,2
570,acer,TRUE,FALSE,37999,4.1,55,qled,3840,2160,TRUE,60,2,16,TRUE,amazon,63,2
571,acer,TRUE,FALSE,32499,4.1,50,qled,3840,2160,TRUE,60,2,16,TRUE,amazon,62,2
572,vu,TRUE,FALSE,27699,4.6,50,led,3840,2160,TRUE,24,2,16,TRUE,flipkart,55,2
573,vu,TRUE,FALSE,28990,4.35,43,led,3840,2160,TRUE,24,2,16,TRUE,flipkart,53,2
574,hisense,FALSE,FALSE,11999,4.2,32,led,,768,TRUE,30,,,TRUE,amazon,36,2
575,xiaomi,TRUE,FALSE,70999,4.6,65,qled,3840,2160,TRUE,30,2,32,TRUE,amazon,68,2
576,realme,TRUE,FALSE,24999,4.3,55,led,3840,2160,TRUE,40,2,16,TRUE,flipkart,48,2
577,realme,TRUE,FALSE,24399,4.75,43,led,3840,2160,TRUE,30,2,16,TRUE,flipkart,46,2
578,realme,TRUE,FALSE,37799,4.25,65,qled,3840,2160,TRUE,44,2,16,TRUE,flipkart,57,2
579,xiaomi,TRUE,FALSE,34099,4.4,55,led,3840,2160,TRUE,30,2,,TRUE,flipkart,52,2
580,infinix,FALSE,FALSE,8399,4.05,31.89,led,,768,TRUE,16,,,TRUE,flipkart,31,1
581,samsung,TRUE,FALSE,45990,4.2,55,led,3840,2160,TRUE,20,,,TRUE,amazon,54,2
582,sony,TRUE,FALSE,280990,4.4,65,oled,3840,2160,TRUE,40,,32,TRUE,croma,85,2
583,sony,TRUE,FALSE,356990,4.3,75,qled,3840,2160,TRUE,50,,32,TRUE,amazon,84,2
584,sony,TRUE,FALSE,469990,4.35,85,qled,3840,2160,TRUE,50,,32,TRUE,amazon,86,2
585,wobble,FALSE,FALSE,13999,4.25,32,led,,768,TRUE,20,1,,TRUE,amazon,37,2
586,sony,TRUE,FALSE,72699,4.65,50,led,3840,2160,TRUE,20,,16,TRUE,flipkart,62,2
587,sony,TRUE,FALSE,140990,4.75,75,led,3840,2160,TRUE,20,,16,TRUE,amazon,70,2
588,hisense,TRUE,FALSE,59999,4.65,65,qled,3840,2160,TRUE,24,,,TRUE,flipkart,66,2
589,kodak,FALSE,FALSE,10499,4.55,32,qled,,768,TRUE,48,1,,TRUE,flipkart,42,2
590,haier,FALSE,TRUE,47378,4.65,43,led,1920,1080,TRUE,20,5,,TRUE,flipkart,43,2
591,thomson,FALSE,FALSE,10499,4.3,32,qled,,768,TRUE,48,1,,TRUE,flipkart,40,2
592,sony,TRUE,FALSE,75990,4.1,55,led,3840,2160,TRUE,20,,16,TRUE,amazon,61,2
593,sony,FALSE,FALSE,28990,4.25,32,led,,768,TRUE,20,,16,TRUE,amazon,42,2
594,hisense,TRUE,FALSE,43999,4.6,65,led,3840,2160,TRUE,24,2,16,TRUE,flipkart,58,2
595,sony,FALSE,FALSE,28490,4.6,32,led,,768,TRUE,20,,16,TRUE,amazon,40,2
596,sony,TRUE,FALSE,48999,4.5,50,led,3840,2160,TRUE,20,,16,TRUE,flipkart,53,2
597,sony,TRUE,FALSE,206990,4.7,65,miniled,3840,2160,TRUE,40,,32,TRUE,flipkart,81,2
598,samsung,TRUE,FALSE,271890,4.2,98,led,3840,2160,TRUE,20,,,TRUE,croma,74,2
599,hisense,TRUE,FALSE,32265,4.65,55,qled,3840,2160,TRUE,24,,,TRUE,amazon,59,2
600,toshiba,TRUE,FALSE,128999,4.5,85,qled,3840,2160,TRUE,36,,,TRUE,amazon,76,2
601,hisense,TRUE,FALSE,22999,4.35,43,led,3840,2160,TRUE,24,2,16,TRUE,flipkart,53,2
602,croma,FALSE,FALSE,5990,4,24,led,,768,FALSE,12,,,TRUE,croma,18,2
603,croma,TRUE,FALSE,64994,4.5,75,qled,3840,2160,TRUE,20,2,16,TRUE,croma,59,2
604,hisense,TRUE,FALSE,52910,4.4,65,qled,3840,2160,TRUE,20,,,TRUE,flipkart,67,2
605,redmi,FALSE,FALSE,13999,4.3,32,led,,768,TRUE,20,,,TRUE,croma,32,2
606,hisense,TRUE,FALSE,85250,4,75,qled,3840,2160,TRUE,30,,,TRUE,flipkart,74,2
607,iffalcon,FALSE,FALSE,19990,4.5,32,led,,768,TRUE,16,1,,TRUE,flipkart,37,1
608,samsung,TRUE,FALSE,56990,4.35,55,qled,3840,2160,TRUE,20,,,TRUE,croma,57,2
609,toshiba,TRUE,FALSE,39599,4.75,55,qled,3840,2160,TRUE,24,,,TRUE,croma,62,2
610,sony,TRUE,FALSE,69999,4.25,65,led,3840,2160,TRUE,20,,16,TRUE,flipkart,62,2
611,tcl,TRUE,FALSE,166990,4.65,65,qled,3840,2160,TRUE,20,2,32,TRUE,flipkart,65,1
612,lg,TRUE,FALSE,64494,4.35,65,led,3840,2160,TRUE,20,,,TRUE,croma,55,2
613,lg,TRUE,FALSE,42994,4.25,55,led,3840,2160,TRUE,20,,,TRUE,croma,52,2
614,tcl,TRUE,FALSE,121990,4.6,55,qled,3840,2160,TRUE,20,2,32,TRUE,flipkart,58,1
615,lg,TRUE,FALSE,169999,4.15,65,oled,3840,2160,TRUE,40,,,TRUE,flipkart,81,3
616,tcl,TRUE,FALSE,119999,4.55,75,qled,3840,2160,TRUE,35,2,16,TRUE,flipkart,66,2
617,motorola,TRUE,FALSE,55998,4.75,65,qled,3840,2160,TRUE,20,,16,TRUE,flipkart,61,2
618,tcl,FALSE,TRUE,11990,4.55,32,led,1920,1080,TRUE,24,1,,TRUE,croma,35,1
619,motorola,TRUE,FALSE,35499,4.35,55,miniled,3840,2160,TRUE,20,,16,TRUE,flipkart,58,2
620,tcl,TRUE,FALSE,26199,4.3,50,led,3840,2160,TRUE,20,2,16,TRUE,croma,52,1
621,tcl,TRUE,FALSE,34999,4.75,55,qled,3840,2160,TRUE,20,2,32,TRUE,flipkart,60,1
622,samsung,TRUE,FALSE,719990,4.65,75,qled,7680,4320,TRUE,70,,,TRUE,amazon,84,3
623,samsung,TRUE,FALSE,75499,4.4,50,qled,3840,2160,TRUE,40,,,TRUE,croma,66,2
624,samsung,TRUE,FALSE,69990,4,65,led,3840,2160,TRUE,20,,,TRUE,flipkart,57,1
625,samsung,TRUE,FALSE,499990,4.3,77,oled,3840,2160,TRUE,70,,,TRUE,amazon,85,3
626,samsung,TRUE,FALSE,57990,4.05,65,led,3840,2160,TRUE,20,,,TRUE,croma,55,1
627,samsung,TRUE,FALSE,37999,4.55,50,led,3840,2160,TRUE,20,2,,TRUE,flipkart,55,1
628,samsung,TRUE,FALSE,38499,4.15,55,led,3840,2160,TRUE,20,2,,TRUE,flipkart,54,1
629,samsung,TRUE,FALSE,35018,4.05,43,led,3840,2160,TRUE,20,,,TRUE,flipkart,50,1
630,samsung,TRUE,FALSE,99990,4.75,65,qled,3840,2160,TRUE,20,,,TRUE,flipkart,66,2
631,samsung,TRUE,FALSE,99990,4.1,75,led,3840,2160,TRUE,20,,,TRUE,flipkart,63,2
632,samsung,TRUE,FALSE,50421,4.7,50,qled,3840,2160,TRUE,20,,,TRUE,flipkart,56,2
633,lloyd,TRUE,FALSE,28255,4.3,43,led,3840,2160,TRUE,,,,TRUE,flipkart,43,2
634,samsung,TRUE,FALSE,36990,4.7,43,led,3840,2160,TRUE,20,,,TRUE,flipkart,53,1
635,samsung,TRUE,FALSE,61990,4.25,55,qled,3840,2160,TRUE,20,,,TRUE,flipkart,59,2
636,kodak,FALSE,TRUE,14499,4.75,43,led,1920,1080,TRUE,30,,,TRUE,flipkart,33,2
637,bpl,TRUE,FALSE,24999,4.15,43,led,3840,2160,TRUE,20,,,TRUE,flipkart,47,2
638,lg,TRUE,FALSE,57394,4.65,55,qned,3840,2160,TRUE,20,,,TRUE,croma,61,2
639,bpl,FALSE,FALSE,12774,4.05,32,led,,768,TRUE,20,,,TRUE,flipkart,31,2
640,samsung,FALSE,TRUE,22499,4.75,43,led,1920,1080,TRUE,20,,,TRUE,flipkart,36,1
641,foxsky,TRUE,FALSE,36999,4.45,65,led,3840,2160,TRUE,30,,,TRUE,flipkart,42,2
642,panasonic,FALSE,TRUE,27815,4.75,43,led,1920,1080,TRUE,20,,,TRUE,flipkart,35,1
643,blaupunkt,TRUE,FALSE,27599,4.1,55,led,3840,2160,TRUE,60,2,,TRUE,croma,45,2
644,tcl,FALSE,TRUE,32192,4.75,43,led,3840,2160,FALSE,24,,,TRUE,flipkart,42,1
645,motorola,TRUE,FALSE,25499,4.45,55,led,3840,2160,TRUE,20,2,16,TRUE,flipkart,46,2
646,croma,FALSE,TRUE,15990,4.75,43,led,1920,1080,TRUE,20,,,TRUE,croma,34,2
647,haier,TRUE,FALSE,42890,4.4,55,led,3840,2160,TRUE,20,2,32,TRUE,flipkart,52,2
648,iffalcon,TRUE,FALSE,34099,4.45,55,qled,3840,2160,TRUE,56,,,TRUE,croma,55,1
649,hisense,TRUE,FALSE,499999,4.2,120,laser,3840,2160,TRUE,40,,,TRUE,amazon,67,2
650,xiaomi,TRUE,FALSE,36899,4.7,55,led,3840,2160,TRUE,30,2,,TRUE,flipkart,53,2
651,xiaomi,TRUE,FALSE,26990,4.4,43,led,3840,2160,TRUE,30,2,,TRUE,flipkart,50,2
652,xiaomi,TRUE,FALSE,30399,4.65,50,led,3840,2160,TRUE,30,2,,TRUE,flipkart,51,2
653,lg,TRUE,FALSE,94990,4.3,48,oled,3840,2160,TRUE,20,,,TRUE,flipkart,58,2
654,lg,TRUE,FALSE,99990,4.45,55,oled,3840,2160,TRUE,20,,,TRUE,flipkart,61,2
655,panasonic,FALSE,FALSE,13490,4.05,32,led,,768,TRUE,20,,,TRUE,croma,34,2
656,panasonic,FALSE,FALSE,23999,4.75,32,led,,768,TRUE,20,5,16,TRUE,flipkart,36,2
657,onida,FALSE,FALSE,14294,4.3,32,led,,768,TRUE,20,5,,TRUE,flipkart,36,2
658,westinghouse,FALSE,FALSE,8999,4.05,32,led,,768,TRUE,36,1,,TRUE,croma,33,2
659,lg,TRUE,FALSE,64990,4.65,65,led,3840,2160,TRUE,20,,,TRUE,flipkart,52,2
660,lg,TRUE,FALSE,45080,4.7,55,led,3840,2160,TRUE,20,,,TRUE,flipkart,53,2
661,lg,TRUE,FALSE,44999,4.35,50,led,3840,2160,TRUE,20,,,TRUE,flipkart,46,2
662,haier,TRUE,FALSE,39990,4.3,50,led,3840,2160,TRUE,20,2,32,TRUE,croma,51,2
663,haier,TRUE,FALSE,32990,4.45,43,led,3840,2160,TRUE,20,2,32,TRUE,croma,49,2
664,kodak,FALSE,FALSE,9149,4.4,32,led,,768,TRUE,30,,,TRUE,flipkart,32,2
665,lg,TRUE,FALSE,31255,4.55,43,led,3840,2160,TRUE,20,,,TRUE,flipkart,48,2
666,sony,TRUE,FALSE,653899,4.75,77,oled,3840,2160,TRUE,60,,,TRUE,flipkart,76,2
667,blaupunkt,FALSE,TRUE,13999,4.1,40,led,1920,1080,TRUE,48,1,,TRUE,flipkart,38,2
668,sony,TRUE,FALSE,74990,4.05,55,led,3840,2160,TRUE,10,,32,TRUE,flipkart,62,2
669,sony,TRUE,FALSE,57990,4.35,55,led,3840,2160,TRUE,20,,,TRUE,flipkart,57,2
670,thomson,FALSE,FALSE,9149,4.75,32,led,,768,TRUE,30,,,TRUE,flipkart,33,2
671,marq,FALSE,FALSE,7499,4.2,32,led,,768,FALSE,24,,,TRUE,flipkart,21,2
672,panasonic,TRUE,FALSE,41499,4.35,Supported,,,,FALSE,20,,,FALSE,flipkart,,
673,blaupunkt,FALSE,TRUE,13999,4.65,39.37,led,1920,1080,TRUE,40,,,TRUE,flipkart,33,2
674,samsung,TRUE,FALSE,40352,4.7,43,led,3840,2160,TRUE,20,,,TRUE,flipkart,43,2
675,xelectron,FALSE,FALSE,6999,4.45,32,led,,768,FALSE,20,,,TRUE,flipkart,21,2
676,samsung,TRUE,FALSE,54990,4.65,55,qled,3840,2160,TRUE,20,,,TRUE,flipkart,50,2
677,haier,FALSE,FALSE,20595,4.2,32,led,,768,TRUE,10,,,TRUE,flipkart,31,1
678,samsung,TRUE,FALSE,94990,4.2,75,led,3840,2160,TRUE,20,,,TRUE,flipkart,65,1
679,beethosol,FALSE,TRUE,17990,4.55,43,led,1920,1080,TRUE,24,1,,TRUE,amazon,35,2
680,lloyd,TRUE,FALSE,29812,4.65,43,qled,3840,2160,TRUE,20,2,,TRUE,flipkart,46,2
681,thomson,FALSE,FALSE,6999,4.1,24,led,,768,TRUE,20,,,TRUE,flipkart,31,2
682,samsung,FALSE,FALSE,18728,4.75,32,led,,768,TRUE,20,,,TRUE,flipkart,31,1
683,samsung,FALSE,TRUE,22490,4.45,43,led,1920,1080,TRUE,20,,,TRUE,croma,35,1
684,hisense,TRUE,FALSE,76999,4.15,65,qled,3840,2160,TRUE,20,3,,TRUE,flipkart,52,2
685,lloyd,FALSE,FALSE,17590,4.55,32,led,,768,TRUE,20,,,TRUE,flipkart,32,2
686,samsung,TRUE,FALSE,44990,4.55,55,led,3840,2160,TRUE,20,,,TRUE,flipkart,44,1
687,infinix,TRUE,FALSE,32999,4.15,55,qled,3840,2160,TRUE,36,2,,TRUE,flipkart,47,2
688,lg,TRUE,FALSE,54990,4,55,led,3840,2160,TRUE,20,,,TRUE,flipkart,52,2
689,thomson,TRUE,FALSE,51999,4.25,65,qled,3840,2160,TRUE,40,2,,TRUE,flipkart,50,2
690,lg,TRUE,FALSE,66990,4.75,65,led,3840,2160,TRUE,20,,,TRUE,flipkart,54,2
691,vu,TRUE,FALSE,39490,4.45,55,led,3840,2160,TRUE,4,2,16,TRUE,amazon,64,2
692,lg,TRUE,FALSE,44990,4,55,led,3840,2160,TRUE,20,,,TRUE,flipkart,45,2
693,lg,TRUE,FALSE,32990,4.05,43,led,3840,2160,TRUE,20,,,TRUE,croma,42,2
694,lg,TRUE,FALSE,33999,4,43,led,3840,2160,TRUE,20,5,,TRUE,croma,43,2
695,lg,TRUE,FALSE,43990,4.65,55,led,3840,2160,TRUE,20,,,TRUE,croma,43,1
696,lg,FALSE,TRUE,21518,4.15,32,led,,768,TRUE,20,,,TRUE,flipkart,35,1
697,infinix,FALSE,FALSE,7999,4.4,32,led,,768,TRUE,20,,,TRUE,flipkart,31,2
698,lg,TRUE,FALSE,28999,4.25,43,led,3840,2160,TRUE,20,5,,TRUE,flipkart,42,1
699,tcl,TRUE,FALSE,49990,4.05,65,led,3840,2160,TRUE,30,,,TRUE,flipkart,46,1
700,samsung,TRUE,FALSE,179980,4.2,65,qled,7680,4320,TRUE,60,,,TRUE,flipkart,67,3
701,sony,TRUE,FALSE,59990,4.7,43,led,3840,2160,TRUE,20,,,TRUE,flipkart,46,2
702,samsung,TRUE,FALSE,31999,4.35,43,led,3840,2160,TRUE,20,5,,TRUE,flipkart,43,1
703,lg,FALSE,TRUE,31490,4.05,32,led,1920,1080,TRUE,20,,,TRUE,flipkart,37,1
704,sony,TRUE,FALSE,74990,4.6,65,led,3840,2160,TRUE,20,,,TRUE,flipkart,54,2
705,lg,FALSE,FALSE,13790,4.15,32,led,,768,TRUE,20,,,TRUE,croma,37,1
706,xiaomi,FALSE,FALSE,11999,4.15,32,led,,768,TRUE,20,1,,TRUE,flipkart,34,2
707,samsung,TRUE,FALSE,35000,4.05,43,led,3840,2160,TRUE,20,,,TRUE,amazon,42,2
708,samsung,TRUE,FALSE,114990,4.3,65,qled,3840,2160,TRUE,60,,,TRUE,flipkart,62,2
709,samsung,TRUE,FALSE,54990,4,55,qled,3840,2160,TRUE,20,,,TRUE,flipkart,55,2
710,samsung,TRUE,FALSE,129990,4.1,65,qled,3840,2160,TRUE,60,,,TRUE,flipkart,59,2
711,samsung,TRUE,FALSE,45990,4.25,55,led,3840,2160,TRUE,20,,,TRUE,amazon,44,2
712,samsung,TRUE,FALSE,94990,4.25,75,led,3840,2160,TRUE,20,,,TRUE,flipkart,57,1
713,foxsky,TRUE,FALSE,24999,4.25,50,led,3840,2160,TRUE,30,1,,TRUE,amazon,39,2
714,thomson,TRUE,FALSE,30999,4.25,54.72,led,3840,2160,TRUE,40,2,,TRUE,flipkart,43,2
715,tseries,FALSE,FALSE,7389,4.75,23.62,led,,768,FALSE,,,,TRUE,flipkart,20,2
716,lg,TRUE,FALSE,69990,4.65,65,led,3840,2160,TRUE,20,,,TRUE,flipkart,53,2
717,lg,TRUE,FALSE,89990,4.6,55,oled,3840,2160,TRUE,40,2,,TRUE,flipkart,64,2
718,foxsky,FALSE,TRUE,12999,4.7,43,led,1920,1080,TRUE,30,1,,TRUE,flipkart,36,2
719,samsung,TRUE,FALSE,59990,4.4,55,qled,3840,2160,TRUE,20,,,TRUE,flipkart,57,2
720,samsung,TRUE,FALSE,54990,4,50,qled,3840,2160,TRUE,20,,,TRUE,flipkart,53,2
721,samsung,TRUE,FALSE,79990,4.05,65,led,3840,2160,TRUE,20,,,TRUE,flipkart,61,2
722,samsung,TRUE,FALSE,114990,4.75,65,qled,3840,2160,TRUE,60,,,TRUE,flipkart,62,2
723,samsung,TRUE,FALSE,74990,4.65,55,qled,3840,2160,TRUE,60,,,TRUE,flipkart,56,2
724,samsung,TRUE,FALSE,33990,4.45,43,led,3840,2160,TRUE,20,,,TRUE,flipkart,43,1
725,samsung,TRUE,FALSE,89990,4.1,75,led,3840,2160,TRUE,20,,,TRUE,flipkart,56,2
726,samsung,TRUE,FALSE,43990,4.3,55,led,3840,2160,TRUE,20,,,TRUE,flipkart,46,1
727,samsung,TRUE,FALSE,32990,4.25,43,led,3840,2160,TRUE,20,,,TRUE,flipkart,43,1
728,compaq,FALSE,FALSE,9999,4.35,32,led,,768,TRUE,24,5,,TRUE,flipkart,35,2
729,lg,TRUE,FALSE,59999,4.75,65,led,3840,2160,TRUE,20,,,TRUE,flipkart,52,2
730,samsung,TRUE,FALSE,33990,4.35,43,led,3840,2160,TRUE,20,,,TRUE,flipkart,43,2
731,samsung,FALSE,FALSE,15212,4.15,32,led,,768,FALSE,20,,,TRUE,flipkart,22,1
732,xiaomi,TRUE,FALSE,38626,4.35,55,led,3840,2160,TRUE,20,2,,TRUE,flipkart,47,2
733,samsung,FALSE,FALSE,22499,4.4,32,led,,768,TRUE,10,,,TRUE,flipkart,31,1
734,lg,FALSE,TRUE,34420,4.05,43,led,1920,1080,TRUE,20,1,,TRUE,flipkart,39,1
735,lg,TRUE,FALSE,124999,4.25,75,led,3840,2160,TRUE,20,2,,TRUE,flipkart,59,3
736,samsung,TRUE,FALSE,128999,4.05,55,qled,3840,2160,TRUE,40,,,TRUE,flipkart,57,2
737,rgl,FALSE,TRUE,9006,4.6,32,led,1920,1080,TRUE,20,,,TRUE,flipkart,30,2
738,xiaomi,FALSE,FALSE,12999,4.35,32,led,,768,TRUE,20,1,,TRUE,flipkart,34,2
739,lg,TRUE,FALSE,89999,4.6,65,led,3840,2160,TRUE,20,,,TRUE,flipkart,55,2
740,lloyd,TRUE,FALSE,28599,4.45,43,qled,3840,2160,TRUE,20,,,TRUE,flipkart,46,2
741,ifflacon,TRUE,FALSE,34999,4.45,55,led,3840,2160,TRUE,24,2,,TRUE,flipkart,50,1
742,lg,TRUE,FALSE,97990,4.25,75,led,3840,2160,TRUE,20,,,TRUE,croma,66,1
743,tcl,TRUE,FALSE,79990,4.75,75,qled,3840,2160,TRUE,24,2,16,TRUE,amazon,66,1
744,sansui,FALSE,TRUE,23990,4.2,43,led,1920,1080,TRUE,20,4,,TRUE,amazon,39,2
745,samsung,TRUE,FALSE,44290,4.1,50,led,3840,2160,TRUE,30,,,TRUE,croma,56,1
746,samsung,TRUE,FALSE,240990,4.1,65,micro,3840,2160,TRUE,70,,,TRUE,croma,80,2
747,samsung,TRUE,FALSE,77590,4.55,65,led,3840,2160,TRUE,30,,,TRUE,croma,63,1
748,samsung,TRUE,FALSE,54490,4.4,43,qled,3840,2160,TRUE,20,,,TRUE,croma,55,2
749,samsung,TRUE,FALSE,62999,4.4,65,led,3840,2160,TRUE,30,,,TRUE,flipkart,60,1
750,samsung,TRUE,FALSE,37990,4.25,43,led,3840,2160,TRUE,30,,,TRUE,croma,52,1
751,tcl,TRUE,FALSE,67999,4.6,65,qled,3840,2160,TRUE,35,3,32,TRUE,flipkart,70,1
752,tseries,FALSE,TRUE,20099,4.75,43,led,1920,1080,TRUE,20,,,TRUE,flipkart,38,2
753,hisense,FALSE,FALSE,13999,4.7,32,qled,,768,TRUE,26,,,TRUE,flipkart,40,2
754,lg,TRUE,FALSE,72790,4.45,65,led,3840,2160,TRUE,20,,,TRUE,croma,62,1
755,lg,TRUE,FALSE,67999,4.15,65,led,3840,2160,TRUE,20,,,TRUE,amazon,59,1
756,croma,FALSE,FALSE,13490,4,32,led,,768,TRUE,20,1,,TRUE,croma,39,2
757,realme,FALSE,TRUE,21899,4.55,43,led,1920,1080,TRUE,30,1,,TRUE,flipkart,42,2
758,toshiba,TRUE,FALSE,27990,4.25,43,led,3840,2160,TRUE,30,,,TRUE,amazon,49,2
759,hisense,TRUE,FALSE,49990,4.2,65,led,3840,2160,TRUE,30,,,TRUE,amazon,56,2
760,samsung,TRUE,FALSE,96889,4.65,65,qled,3840,2160,TRUE,20,,,TRUE,amazon,68,2
761,toshiba,TRUE,FALSE,31990,4.55,50,led,3840,2160,TRUE,30,,,TRUE,amazon,51,3
762,samsung,TRUE,FALSE,86990,4.5,75,led,3840,2160,TRUE,20,,,TRUE,amazon,67,1
763,samsung,TRUE,FALSE,180990,4.5,55,oled,3840,2160,TRUE,70,,,TRUE,croma,82,3
764,samsung,TRUE,FALSE,102490,4.25,75,led,3840,2160,TRUE,20,,,TRUE,croma,67,1
765,samsung,TRUE,FALSE,107999,4.55,55,oled,3840,2160,TRUE,20,,,TRUE,flipkart,75,2
766,samsung,TRUE,FALSE,219990,4.55,65,oled,3840,2160,TRUE,70,,,TRUE,amazon,84,3
767,samsung,TRUE,FALSE,570990,4.4,100,qled,3840,2160,TRUE,30,,,TRUE,croma,82,2
768,samsung,TRUE,FALSE,124990,4.2,65,qled,3840,2160,TRUE,20,,,TRUE,croma,66,2
769,toshiba,FALSE,TRUE,24990,4.35,43,qled,1920,1080,TRUE,26,,,TRUE,amazon,45,2
770,hisense,TRUE,FALSE,35990,4.15,55,led,3840,2160,TRUE,30,,,TRUE,amazon,54,2
771,motorola,FALSE,TRUE,22499,4.3,43,qled,1920,1080,TRUE,50,1,,TRUE,flipkart,46,2
772,croma,TRUE,FALSE,41990,4.65,55,qled,3840,2160,TRUE,20,2,32,TRUE,croma,57,2
773,coocaa,TRUE,FALSE,63999,4.35,75,miniled,3840,2160,TRUE,36,2,32,TRUE,amazon,69,2
774,akai,FALSE,FALSE,12980,4.4,32,led,,768,TRUE,20,1,,TRUE,flipkart,35,2
775,onida,TRUE,FALSE,32999,4.55,55,qled,3840,2160,TRUE,,,,TRUE,amazon,46,2
776,samsung,TRUE,FALSE,291490,4,98,qled,3840,2160,TRUE,20,,,TRUE,croma,71,1
777,bush,TRUE,FALSE,25499,4,55,led,3840,2160,TRUE,20,,,TRUE,flipkart,43,2
778,bush,FALSE,TRUE,14999,4.2,43,led,1920,1080,TRUE,20,,,TRUE,flipkart,36,2
779,haier,FALSE,TRUE,26980,4.5,43,led,1920,1080,TRUE,20,2,,TRUE,flipkart,39,2
780,realme,TRUE,FALSE,97499,4.3,85,qled,3840,2160,TRUE,30,2,32,TRUE,flipkart,72,2
781,realme,TRUE,FALSE,44499,4.45,65,qled,3840,2160,TRUE,40,2,32,TRUE,flipkart,59,2
782,onida,TRUE,FALSE,27799,4.6,43,qled,3840,2160,TRUE,20,,,TRUE,flipkart,50,2
783,onida,TRUE,FALSE,26499,4.75,43,led,3840,2160,TRUE,20,,,TRUE,flipkart,49,1
784,onida,TRUE,FALSE,32499,4.35,50,qled,3840,2160,TRUE,20,,,TRUE,flipkart,52,2
785,realme,FALSE,FALSE,11199,4.6,32,qled,,768,TRUE,20,1,,TRUE,flipkart,37,2
786,rgl,TRUE,FALSE,21986,4.45,43,led,3840,2160,TRUE,30,,,TRUE,flipkart,39,2
787,rgl,FALSE,TRUE,18987,4.55,43,led,1920,1080,FALSE,30,,,TRUE,flipkart,30,2
788,rgl,TRUE,FALSE,37006,4.75,55,led,3840,2160,FALSE,30,,,TRUE,flipkart,42,2
789,wobble,FALSE,TRUE,18999,4.5,43,led,1920,1080,TRUE,30,,,TRUE,flipkart,36,2
790,wobble,TRUE,FALSE,43999,4.35,65,led,3840,2160,TRUE,36,2,16,TRUE,flipkart,55,2
791,wobble,TRUE,FALSE,33999,4.4,50,qled,3840,2160,TRUE,80,,,TRUE,flipkart,50,2
792,wobble,TRUE,FALSE,37999,4.5,55,qled,3840,2160,TRUE,80,,,TRUE,flipkart,51,2
793,wobble,TRUE,FALSE,25999,4.25,43,qled,3840,2160,TRUE,80,,,TRUE,amazon,48,2
794,blaupunkt,FALSE,FALSE,9749,4,32,qled,,768,TRUE,48,1,,TRUE,flipkart,34,2
795,thomson,FALSE,FALSE,9749,4.05,32,qled,,768,FALSE,36,1,,TRUE,flipkart,31,2
796,motorola,TRUE,FALSE,43999,4.55,65,qled,3840,2160,TRUE,50,2,32,TRUE,flipkart,61,2
797,realme,TRUE,FALSE,31999,4.35,55,led,3840,2160,TRUE,30,2,32,TRUE,flipkart,48,2
798,motorola,TRUE,FALSE,32999,4.15,55,qled,3840,2160,TRUE,50,2,32,TRUE,flipkart,59,2
799,realme,TRUE,FALSE,42499,4.5,65,led,3840,2160,TRUE,30,2,32,TRUE,flipkart,51,2
800,haier,TRUE,FALSE,60490,4.3,65,led,3840,2160,TRUE,20,2,32,TRUE,amazon,55,2
801,haier,TRUE,FALSE,41490,4.3,55,led,3840,2160,TRUE,20,2,32,TRUE,amazon,51,2
802,croma,TRUE,FALSE,27990,4.55,50,led,3840,2160,TRUE,20,2,16,TRUE,croma,48,2
803,vw,TRUE,FALSE,29999,4.75,55,qled,3840,2160,TRUE,48,2,16,TRUE,flipkart,52,2
804,motorola,FALSE,TRUE,22499,4.05,43,qled,1920,1080,TRUE,40,1,,TRUE,flipkart,40,2
805,croma,FALSE,TRUE,8490,4.75,32,led,,768,FALSE,20,,,TRUE,croma,21,2
806,croma,TRUE,FALSE,23990,4.15,43,led,3840,2160,FALSE,20,2,16,TRUE,croma,43,2
807,realme,TRUE,FALSE,30499,4.2,55,qled,3840,2160,TRUE,30,1,,TRUE,flipkart,50,2
808,croma,TRUE,FALSE,36990,4.15,55,qled,3840,2160,TRUE,20,2,,TRUE,croma,50,2
809,hisense,TRUE,FALSE,41990,4.4,55,led,3840,2160,TRUE,49,2,16,TRUE,flipkart,55,2
810,haier,TRUE,FALSE,105990,4.55,65,miniled,3840,2160,TRUE,50,4,64,TRUE,amazon,80,2
811,lg,TRUE,FALSE,78740,4.6,55,miniled,3840,2160,TRUE,20,,,TRUE,amazon,70,2
812,onida,TRUE,FALSE,24493,4.45,43,led,3840,2160,TRUE,20,2,,TRUE,flipkart,43,2
813,vzy,TRUE,FALSE,27990,4.45,43,qled,3840,2160,FALSE,40,2,32,TRUE,flipkart,49,2
814,sansui,TRUE,FALSE,37490,4,55,led,3840,2160,TRUE,20,2,16,TRUE,flipkart,50,2
815,onida,TRUE,FALSE,47999,4.75,55,miniled,3840,2160,TRUE,20,,,TRUE,amazon,58,2
816,kodak,TRUE,FALSE,44999,4.45,65,qled,3840,2160,TRUE,70,2,,TRUE,flipkart,56,2
817,haier,TRUE,FALSE,60490,4.15,65,led,3840,2160,TRUE,20,,,TRUE,flipkart,47,2
818,kodak,TRUE,FALSE,64999,4.35,75,qled,3840,2160,TRUE,70,2,,TRUE,flipkart,60,2
819,vu,TRUE,FALSE,93999,4.5,75,qled,3840,2160,TRUE,24,3,16,TRUE,flipkart,77,2
820,sansui,FALSE,TRUE,26990,4.5,43,led,1920,1080,TRUE,20,1,,TRUE,amazon,40,2
821,sansui,TRUE,FALSE,279990,4.3,100,qled,3840,2160,TRUE,60,3,32,TRUE,amazon,82,2
822,lg,FALSE,FALSE,15800,4.05,32,led,,768,TRUE,10,,,TRUE,flipkart,34,1
823,acer,TRUE,FALSE,27999,4.75,50,qled,3840,2160,TRUE,36,2,16,TRUE,amazon,55,2
824,elista,TRUE,FALSE,25960,4.7,43,led,3840,2160,TRUE,20,2,16,TRUE,flipkart,43,2
825,croma,FALSE,FALSE,58990,4.65,65,qled,3840,2160,TRUE,40,2,32,TRUE,croma,59,2
826,acer,TRUE,FALSE,43999,4.3,65,led,3840,2160,TRUE,40,2,16,TRUE,flipkart,56,2
827,acer,TRUE,FALSE,30999,4.4,55,led,3840,2160,TRUE,36,2,16,TRUE,amazon,54,2
828,wobble,TRUE,FALSE,20499,4.15,43,led,3840,2160,TRUE,30,2,16,TRUE,amazon,49,2
829,toshiba,TRUE,FALSE,249999,4.15,98,qled,3840,2160,TRUE,60,,16,TRUE,amazon,80,2
830,metz,FALSE,FALSE,13999,4.1,32,qled,,768,TRUE,20,,,TRUE,flipkart,35,2
831,tcl,TRUE,FALSE,399990,4.4,98,miniled,3840,2160,TRUE,20,3,64,TRUE,croma,82,1
832,metz,FALSE,TRUE,35999,4.25,43,qled,1920,1080,TRUE,20,,,TRUE,flipkart,43,2
833,toshiba,TRUE,FALSE,77499,4.2,75,qled,3840,2160,TRUE,36,,,TRUE,amazon,66,2
834,motorola,TRUE,FALSE,62999,4.35,75,qled,3840,2160,TRUE,30,2,32,TRUE,flipkart,61,2
835,metz,TRUE,FALSE,24999,4.25,43,qled,3840,2160,TRUE,30,,32,TRUE,flipkart,55,2
836,metz,TRUE,FALSE,55999,4.15,65,led,3840,2160,TRUE,30,,32,TRUE,flipkart,53,2
837,metz,TRUE,FALSE,59999,4.35,65,qled,3840,2160,TRUE,30,,32,TRUE,flipkart,65,2
838,metz,TRUE,FALSE,35999,4.3,55,led,3840,2160,TRUE,30,,32,TRUE,flipkart,49,2
839,sansui,TRUE,FALSE,58490,4.05,65,qled,3840,2160,TRUE,30,2,32,TRUE,amazon,65,2
840,blaupunkt,TRUE,FALSE,24999,4.05,50,qled,3840,2160,TRUE,48,2,,TRUE,flipkart,45,2
841,blaupunkt,TRUE,FALSE,28999,4.05,55,qled,3840,2160,TRUE,48,2,,TRUE,flipkart,46,2
842,tcl,TRUE,FALSE,64999,4.65,65,qled,3840,2160,TRUE,20,2,16,TRUE,flipkart,65,2
843,tcl,TRUE,FALSE,99999,4.3,75,qled,3840,2160,TRUE,20,2,16,TRUE,flipkart,67,2
844,thomson,TRUE,FALSE,27999,4.75,55,qled,3840,2160,TRUE,48,2,,TRUE,flipkart,46,2
845,nacson,FALSE,TRUE,19999,4.45,43,led,1920,1080,TRUE,30,,,TRUE,flipkart,37,2
846,bpl,FALSE,FALSE,12490,4.6,32,led,,768,TRUE,20,,,TRUE,flipkart,31,2
847,panasonic,TRUE,FALSE,46636,4.6,55,led,3840,2160,TRUE,20,2,16,TRUE,flipkart,53,2
848,skylive,FALSE,FALSE,8244,4.1,32,led,,768,TRUE,20,,,TRUE,flipkart,31,2
849,croma,TRUE,FALSE,29990,4.55,50,led,3840,2160,TRUE,20,2,32,TRUE,croma,48,2
850,sansui,FALSE,FALSE,12799,4.6,32,qled,,768,TRUE,20,1,,TRUE,flipkart,38,2
851,coocaa,FALSE,TRUE,22999,4.65,50,led,1920,1080,TRUE,20,,,TRUE,flipkart,35,2
852,nacson,FALSE,FALSE,11999,4.2,32,qled,,768,TRUE,30,,,TRUE,flipkart,38,2
853,sansui,TRUE,FALSE,82990,4.1,75,qled,3840,2160,TRUE,30,2,32,TRUE,amazon,67,2
854,sansui,FALSE,TRUE,22490,4.35,43,led,1920,1080,TRUE,20,1,,TRUE,flipkart,41,2
855,sansui,FALSE,TRUE,21990,4.25,43,led,1920,1080,TRUE,20,,,TRUE,amazon,36,2
856,sansui,FALSE,TRUE,28990,4.55,43,led,1920,1080,TRUE,30,2,32,TRUE,amazon,44,2
857,tcl,TRUE,FALSE,129999,4.75,75,qled,3840,2160,TRUE,20,3,64,TRUE,flipkart,78,2
858,nacson,FALSE,FALSE,12490,4.45,32,led,,768,TRUE,24,,,TRUE,flipkart,31,2
859,panasonic,TRUE,FALSE,28599,4.5,43,led,3840,2160,TRUE,20,2,16,TRUE,flipkart,47,2
860,blaupunkt,FALSE,FALSE,9149,4.35,32,qled,,768,TRUE,36,,,TRUE,flipkart,33,2
861,lg,TRUE,FALSE,524990,4,100,miniled,3840,2160,TRUE,40,,,TRUE,croma,80,2
862,sansui,FALSE,FALSE,12390,4.6,32,led,,768,TRUE,20,,,TRUE,amazon,31,2
863,hisense,TRUE,FALSE,37990,4.45,58,led,3840,2160,TRUE,24,,,TRUE,flipkart,50,2
864,sansui,FALSE,FALSE,12790,4.45,32,qled,,768,TRUE,20,,,TRUE,amazon,33,2
865,uniboom,FALSE,FALSE,7790,4.05,32,led,,768,FALSE,30,,,TRUE,amazon,21,2
866,innoq,FALSE,FALSE,7489,4,32,led,,768,TRUE,30,,,TRUE,flipkart,31,2
867,hisense,FALSE,TRUE,17818,4.3,40,led,1920,1080,TRUE,20,,,TRUE,flipkart,32,1
868,blaupunkt,TRUE,FALSE,58999,4.5,65,led,3840,2160,TRUE,8,2,16,TRUE,flipkart,64,2
869,realme,TRUE,FALSE,43999,4.15,65,qled,3840,2160,TRUE,40,,,TRUE,flipkart,51,2
870,uniboom,FALSE,TRUE,13990,4.5,43,led,1920,1080,FALSE,30,,,FALSE,amazon,32,
871,realme,TRUE,FALSE,27999,4.25,50,qled,3840,2160,TRUE,40,,,TRUE,flipkart,48,2
872,innoq,FALSE,FALSE,21629,4.15,32,led,,768,FALSE,30,,,TRUE,flipkart,25,2
873,croma,FALSE,TRUE,20990,4.2,43,led,1920,1080,TRUE,20,1,,TRUE,croma,43,2
874,panasonic,FALSE,FALSE,18490,4.4,32,led,,768,TRUE,20,5,,TRUE,croma,35,2
875,croma,FALSE,FALSE,9990,4.3,32,led,,768,TRUE,20,1,,TRUE,croma,31,2
876,realme,TRUE,FALSE,30999,4.25,55,led,3840,2160,TRUE,30,2,,TRUE,flipkart,45,2
877,croma,TRUE,FALSE,54990,4.2,65,qled,3840,2160,TRUE,20,2,32,TRUE,croma,57,2
878,realme,TRUE,FALSE,28999,4.3,50,led,3840,2160,TRUE,30,2,,TRUE,flipkart,44,2
879,vu,TRUE,FALSE,33999,4.3,55,qled,3840,2160,TRUE,24,2,16,TRUE,amazon,62,2
880,toshiba,TRUE,FALSE,39990,4.6,55,qled,3840,2160,TRUE,24,,,TRUE,amazon,56,2
881,lg,TRUE,FALSE,142999,4.2,75,qned,3840,2160,TRUE,20,,,TRUE,flipkart,62,1
882,kodak,FALSE,FALSE,7599,4.25,32,led,,768,FALSE,30,,,TRUE,flipkart,28,2
883,coocaa,TRUE,FALSE,35999,4.3,65,led,3840,2160,TRUE,30,2,32,TRUE,flipkart,55,2
884,tcl,TRUE,FALSE,149999,4.1,75,miniled,3840,2160,TRUE,20,3,64,TRUE,flipkart,79,1
885,philips,TRUE,FALSE,37999,4.5,55,qled,3840,2160,TRUE,30,2,32,TRUE,amazon,62,2
886,iffalcon,TRUE,FALSE,39999,4.25,55,qled,3840,2160,TRUE,20,3,32,TRUE,flipkart,60,1
887,nu,TRUE,FALSE,27499,4.1,43,qled,3840,2160,TRUE,20,2,16,TRUE,amazon,48,2
888,nu,FALSE,FALSE,11999,4.2,32,qled,,768,TRUE,20,5,,TRUE,amazon,38,2
889,philips,FALSE,TRUE,22999,4.65,43,led,1920,1080,TRUE,24,5,,TRUE,amazon,42,2
890,coocaa,TRUE,FALSE,32999,4.3,55,qled,3840,2160,TRUE,40,,32,TRUE,amazon,58,2
891,coocaa,FALSE,FALSE,8599,4.2,32,led,,768,TRUE,30,,,TRUE,flipkart,30,1
892,lg,TRUE,FALSE,179990,4.2,86,led,3840,2160,TRUE,20,,,TRUE,amazon,68,2
893,sony,TRUE,FALSE,275490,4.35,75,miniled,3840,2160,TRUE,20,,,TRUE,amazon,79,2
894,lg,TRUE,FALSE,94990,4.7,65,qned,3840,2160,TRUE,20,,,TRUE,flipkart,56,1
895,thomson,TRUE,FALSE,20999,4.35,43,qled,3840,2160,TRUE,50,2,16,TRUE,flipkart,49,2
896,tcl,TRUE,FALSE,129999,4.45,85,qled,3840,2160,TRUE,20,3,32,TRUE,flipkart,77,1
897,haier,TRUE,FALSE,27999,4.15,43,led,3840,2160,TRUE,16,2,16,TRUE,flipkart,46,2
898,acerpure,FALSE,FALSE,54999,4.5,65,qled,3840,2160,TRUE,50,,,TRUE,amazon,64,2
899,lg,TRUE,FALSE,155999,4.4,65,oled,3840,2160,TRUE,20,,,TRUE,flipkart,79,2
900,tcl,TRUE,FALSE,229990,4.65,98,qled,3840,2160,TRUE,20,3,64,TRUE,amazon,80,1
901,blaupunkt,FALSE,FALSE,10999,4.05,32,qled,,768,TRUE,48,1,,TRUE,flipkart,37,2
902,blaupunkt,TRUE,FALSE,41999,4.3,65,qled,3840,2160,TRUE,70,2,16,TRUE,flipkart,57,2
903,lg,TRUE,FALSE,44990,4.15,43,qned,3840,2160,TRUE,20,2,,TRUE,flipkart,46,2
904,beston,FALSE,FALSE,8999,4.2,32,led,,768,TRUE,20,,,TRUE,flipkart,32,2
905,beston,TRUE,FALSE,26599,4.45,55,qled,3840,2160,TRUE,30,,,TRUE,flipkart,48,2
906,beston,FALSE,FALSE,9199,4,32,qled,,768,TRUE,30,,,TRUE,flipkart,39,2
907,beston,FALSE,TRUE,14199,4.4,43,led,1920,1080,TRUE,20,,,TRUE,flipkart,35,2
908,hisense,TRUE,FALSE,239999,4.1,65,qled,3840,2160,TRUE,36,,,TRUE,amazon,82,2
909,beston,FALSE,TRUE,13099,4.05,40,led,1920,1080,TRUE,20,,,TRUE,flipkart,37,2
910,beston,TRUE,FALSE,51499,4.05,75,qled,3840,2160,TRUE,35,,,TRUE,flipkart,57,2
911,tcl,TRUE,FALSE,84999,4.2,75,qled,3840,2160,TRUE,20,3,32,TRUE,flipkart,70,1
912,philips,FALSE,TRUE,22999,4.5,43,led,1920,1080,TRUE,20,,,TRUE,flipkart,38,2
913,philips,FALSE,FALSE,13999,4,32,led,,768,TRUE,20,,,TRUE,flipkart,31,2
914,tcl,TRUE,FALSE,74990,4.55,75,qled,3840,2160,TRUE,20,2,16,TRUE,flipkart,64,2
915,croma,TRUE,FALSE,27990,4.25,43,qled,3840,2160,TRUE,40,2,32,TRUE,croma,56,2
916,lg,TRUE,FALSE,219890,4.05,65,oled,3840,2160,TRUE,60,,,TRUE,croma,80,3
917,samsung,TRUE,FALSE,64500,4.15,65,led,3840,2160,TRUE,20,,,TRUE,flipkart,56,1
918,lg,TRUE,FALSE,65599,4.55,55,miniled,3840,2160,TRUE,20,,,TRUE,flipkart,68,2
919,hisense,FALSE,FALSE,12999,4.15,32,qled,,768,TRUE,30,,,TRUE,flipkart,39,2
920,haier,TRUE,FALSE,179799,4,75,miniled,3840,2160,TRUE,60,3,32,TRUE,flipkart,79,2
921,haier,TRUE,FALSE,142899,4.3,65,miniled,3840,2160,TRUE,60,3,32,TRUE,flipkart,78,2
922,tcl,TRUE,FALSE,74990,4.25,75,qled,3840,2160,TRUE,20,3,32,TRUE,amazon,72,1
923,tcl,TRUE,FALSE,79990,4.75,75,qled,3840,2160,TRUE,20,3,32,TRUE,amazon,71,1
924,tcl,TRUE,FALSE,62980,4.7,65,qled,3840,2160,TRUE,20,,,TRUE,flipkart,66,
925,tcl,TRUE,FALSE,94999,4.75,75,miniled,3840,2160,TRUE,20,2,16,TRUE,flipkart,74,1
926,tcl,TRUE,FALSE,34990,4.35,55,led,3840,2160,TRUE,20,2,16,TRUE,amazon,50,1
927,thomson,FALSE,FALSE,7599,4.4,32,led,,768,FALSE,20,,,TRUE,flipkart,21,2
928,thomson,FALSE,FALSE,5599,4.6,24,led,,768,FALSE,20,,,TRUE,flipkart,19,2
929,haier,TRUE,FALSE,46990,4.6,55,qled,3840,2160,TRUE,30,2,32,TRUE,amazon,56,2
930,infinix,FALSE,FALSE,8999,4.6,32,qled,,768,TRUE,16,1,,TRUE,flipkart,35,2
931,haier,TRUE,FALSE,169999,4.65,65,oled,3840,2160,TRUE,50,3,32,TRUE,flipkart,81,2
932,onida,TRUE,FALSE,46990,4.45,55,led,3840,2160,FALSE,20,,16,TRUE,flipkart,47,1
933,samsung,TRUE,FALSE,59990,4.55,65,led,3840,2160,TRUE,20,,,TRUE,flipkart,58,1
934,samsung,TRUE,FALSE,161890,4.1,65,miniled,3840,2160,TRUE,40,,,TRUE,flipkart,77,2
935,xiaomi,TRUE,FALSE,32999,4.45,55,led,3840,2160,TRUE,30,2,32,TRUE,amazon,51,2
936,samsung,TRUE,FALSE,151999,4.6,65,oled,3840,2160,TRUE,40,,,TRUE,amazon,81,2
937,xiaomi,TRUE,FALSE,26499,4.15,43,led,3840,2160,TRUE,30,2,,TRUE,amazon,52,2
938,xiaomi,FALSE,TRUE,21999,4.65,43,led,1920,1080,TRUE,20,1,,TRUE,amazon,37,2
939,samsung,TRUE,FALSE,303390,4.65,75,miniled,3840,2160,TRUE,60,,,TRUE,croma,80,2
940,samsung,TRUE,FALSE,629900,4.75,85,miniled,3840,2160,TRUE,60,,,TRUE,flipkart,82,2
941,samsung,TRUE,FALSE,61000,4.7,50,qled,3840,2160,TRUE,20,,,TRUE,flipkart,56,2
942,tcl,TRUE,FALSE,66990,4,75,led,3840,2160,TRUE,30,2,16,TRUE,amazon,57,2
943,samsung,TRUE,FALSE,132490,4.75,75,qled,3840,2160,TRUE,20,,,TRUE,flipkart,67,1
944,samsung,TRUE,FALSE,233490,4.7,75,qled,3840,2160,TRUE,40,,,TRUE,croma,75,3
945,samsung,TRUE,FALSE,283390,4.05,85,qled,3840,2160,TRUE,20,,,TRUE,croma,71,2
946,tcl,TRUE,FALSE,49990,4,65,led,3840,2160,TRUE,10,2,16,TRUE,amazon,54,1
947,samsung,TRUE,FALSE,41990,4.1,55,led,3840,2160,TRUE,20,,,TRUE,amazon,54,1
948,toshiba,FALSE,FALSE,12990,4.5,32,qled,,768,TRUE,30,,,TRUE,amazon,37,2
949,samsung,FALSE,FALSE,15190,4.75,31.5,led,,768,TRUE,20,1,,TRUE,flipkart,37,1
950,realme,TRUE,FALSE,22899,4.75,43,led,3840,2160,TRUE,40,2,32,TRUE,flipkart,47,2
951,thomson,TRUE,FALSE,41999,4,65,qled,3840,2160,TRUE,60,2,16,TRUE,flipkart,55,2
952,thomson,TRUE,FALSE,27999,4.65,50,qled,3840,2160,TRUE,48,2,16,TRUE,flipkart,52,2
953,samsung,TRUE,FALSE,166990,4.05,65,miniled,,,TRUE,60,,,TRUE,amazon,75,2
954,thomson,TRUE,FALSE,30999,4.4,55,qled,3840,2160,TRUE,60,2,16,TRUE,flipkart,54,2
955,tcl,TRUE,FALSE,54090,4.55,65,qled,3840,2160,TRUE,20,2,16,TRUE,flipkart,60,2
956,samsung,TRUE,FALSE,41989,4.3,50,led,3840,2160,TRUE,20,,,TRUE,flipkart,53,1
957,samsung,TRUE,FALSE,42990,4.55,50,led,3840,2160,TRUE,20,,,TRUE,flipkart,54,1
958,samsung,TRUE,FALSE,59855,4.35,43,qled,3840,2160,TRUE,20,,,TRUE,flipkart,58,2
959,samsung,TRUE,FALSE,83690,4.75,65,qled,3840,2160,TRUE,20,,,TRUE,croma,61,1
960,samsung,TRUE,FALSE,130232,4.25,65,qled,3840,2160,TRUE,20,,,TRUE,flipkart,69,2
961,samsung,TRUE,FALSE,44955,4.4,50,qled,3840,2160,TRUE,20,,,TRUE,flipkart,55,1
962,lumio,TRUE,FALSE,32999,4.4,50,qled,3840,2160,TRUE,30,3,16,TRUE,amazon,58,3
963,haier,FALSE,FALSE,17490,4.3,32,led,,768,TRUE,20,,,TRUE,croma,37,2
964,uniboom,FALSE,FALSE,5190,4.45,24,led,,768,FALSE,30,,,TRUE,flipkart,20,2
965,uniboom,FALSE,FALSE,6490,4,24,led,,768,TRUE,30,,,TRUE,flipkart,31,2
966,vu,TRUE,FALSE,86990,4.45,75,qled,3840,2160,TRUE,24,3,16,TRUE,amazon,76,2
967,foxsky,FALSE,FALSE,6399,4.6,24,led,,768,TRUE,30,,,TRUE,flipkart,29,2
968,reliance,FALSE,TRUE,17490,4.55,43,led,1920,1080,TRUE,20,1,,TRUE,flipkart,35,2
969,toshiba,TRUE,FALSE,243999,4.5,100,qled,3840,2160,TRUE,60,,16,TRUE,flipkart,81,2
970,lg,TRUE,FALSE,99990,4,55,oled,3840,2160,TRUE,20,,,TRUE,flipkart,74,2
971,hyundai,TRUE,FALSE,30402,4,50,led,3840,2160,TRUE,20,2,16,TRUE,flipkart,44,2
972,toshiba,TRUE,FALSE,119999,4.2,85,led,3840,2160,TRUE,36,,16,TRUE,flipkart,70,2
973,onida,TRUE,FALSE,27002,4.35,43,qled,3840,2160,TRUE,20,2,16,TRUE,flipkart,53,2
974,blackdecker,TRUE,FALSE,34999,4.2,55,led,3840,2160,TRUE,30,2,16,TRUE,amazon,55,2
975,blackdecker,TRUE,FALSE,24999,4.25,43,led,3840,2160,TRUE,30,2,16,TRUE,amazon,52,2
976,reliance,FALSE,TRUE,19990,4.1,43,led,1920,1080,TRUE,24,5,,TRUE,flipkart,42,2
977,reliance,FALSE,FALSE,13715,4.1,32,qled,,768,TRUE,24,,,TRUE,flipkart,36,2
978,reliance,FALSE,FALSE,13410,4.45,32,led,,768,TRUE,24,5,,TRUE,flipkart,36,2
979,innoq,FALSE,TRUE,13990,4.05,43,led,1920,1080,TRUE,30,,,TRUE,flipkart,34,2
980,innoq,FALSE,FALSE,5090,4.55,24,led,,768,FALSE,30,,,TRUE,flipkart,20,2
981,acer,TRUE,FALSE,145999,4.5,85,qled,3840,2160,TRUE,60,2,16,TRUE,amazon,77,2
982,acer,TRUE,FALSE,100999,4.35,75,qled,3840,2160,TRUE,60,2,16,TRUE,amazon,73,2
983,aiwa,TRUE,FALSE,39548,4.75,55,qled,3840,2160,TRUE,24,2,16,TRUE,flipkart,55,2
984,tseries,FALSE,FALSE,11710,4.7,32,qled,,768,FALSE,20,5,,TRUE,flipkart,37,2
985,onida,FALSE,FALSE,12900,4.5,32,led,,768,TRUE,20,5,,TRUE,flipkart,36,2
986,haier,TRUE,FALSE,56299,4.1,55,qled,3840,2160,TRUE,30,3,32,TRUE,flipkart,62,2
987,acer,TRUE,FALSE,72999,4.1,55,led,3840,2160,TRUE,36,2,16,TRUE,flipkart,55,2
988,coocaa,FALSE,TRUE,29999,4.05,43,led,1920,1080,TRUE,20,,,TRUE,flipkart,35,1
989,sansui,FALSE,FALSE,12390,4.35,32,led,,768,TRUE,20,,,TRUE,flipkart,31,2
990,acerpure,TRUE,FALSE,45999,4.7,65,qled,3840,2160,TRUE,24,,,TRUE,flipkart,55,2
991,wobble,TRUE,FALSE,32999,4,55,led,3840,2160,TRUE,20,,,TRUE,amazon,48,2
992,wobble,TRUE,FALSE,28999,4.3,50,led,3840,2160,TRUE,20,,,TRUE,amazon,47,2
993,sony,TRUE,FALSE,246999,4.5,85,led,3840,2160,TRUE,20,,16,TRUE,flipkart,73,2
994,bpl,TRUE,FALSE,41074,4,50,led,3840,2160,TRUE,32,,,TRUE,flipkart,44,2
995,samsung,TRUE,FALSE,29990,4.3,43,led,3840,2160,TRUE,20,,,TRUE,amazon,50,2
996,marq,FALSE,FALSE,5299,4,24,led,,768,FALSE,20,,,TRUE,flipkart,18,2
997,bazeegar,TRUE,FALSE,20999,4.25,43,qled,3840,2160,TRUE,24,,,FALSE,amazon,44,
998,sony,TRUE,FALSE,143990,4.35,75,led,3840,2160,TRUE,20,,16,TRUE,amazon,71,2
999,wobble,TRUE,FALSE,31999,4,50,qled,3840,2160,TRUE,20,2,16,TRUE,amazon,52,2
1000,skylive,FALSE,FALSE,15681,4.2,40,led,,768,TRUE,20,,,TRUE,flipkart,34,3
